Data transakcji;Klient;Kwota
2023-11-05;1;35.6
2023-11-05;2;89
2023-11-05;3;378.25
2023-11-05;4;75.65
2023-11-05;5;75.65
2023-11-05;6;801
2023-11-05;7;75.65
2023-11-05;2;356.31
2023-11-05;8;75.65
2023-11-05;9;756.5
2023-11-05;10;75.65
2023-11-05;11;75.65
2023-11-05;12;89
2023-11-06;13;89
2023-11-06;14;75.65
2023-11-06;15;890
2023-11-06;16;756.5
2023-11-06;17;75.65
2023-11-06;18;890
2023-11-06;19;80.1
2023-11-06;20;712
2023-11-06;21;89
2023-11-06;22;89
2023-11-06;23;378.25
2023-11-06;24;75.65
2023-11-06;25;890
2023-11-06;26;890
2023-11-06;27;89
2023-11-06;28;75.65
2023-11-06;29;80.1
2023-11-06;30;756.5
2023-11-06;31;89
2023-11-06;32;89
2023-11-06;33;356
2023-11-06;34;71.2
2023-11-06;35;801
2023-11-06;36;89
2023-11-06;37;89
2023-11-06;38;89
2023-11-06;39;89
2023-11-06;40;756.5
2023-11-06;41;99
2023-11-06;42;990
2023-11-06;43;445
2023-11-07;44;990
2023-11-07;45;89
2023-11-07;46;84.15
2023-11-07;47;99
2023-11-08;48;99
2023-11-08;49;99
2023-11-09;50;99
2023-11-12;51;990
2023-11-13;52;87.12
2023-11-13;53;87.12
2023-11-14;54;871.2
2023-11-18;55;79.2
2023-11-24;56;69
2023-11-24;57;690
2023-11-24;58;690
2023-11-24;59;276
2023-11-25;60;69
2023-11-25;61;607.2
2023-11-25;62;55.2
2023-11-25;63;690
2023-11-25;64;69
2023-11-26;65;690
2023-11-26;66;69
2023-11-26;67;69
2023-11-26;68;276
2023-11-26;69;69
2023-11-26;70;69
2023-11-26;71;276
2023-11-27;72;690
2023-11-27;48;308.6
2023-11-27;73;55.2
2023-11-27;74;69
2023-11-27;75;345
2023-11-27;76;69
2023-11-27;77;690
2023-11-27;78;69
2023-11-27;79;69
2023-11-27;80;690
2023-11-27;81;69
2023-11-27;82;69
2023-11-28;83;79.2
2023-12-02;84;495
2023-12-05;4;75.65
2023-12-05;5;75.65
2023-12-05;7;75.65
2023-12-05;8;75.65
2023-12-05;10;75.65
2023-12-05;11;75.65
2023-12-05;12;89
2023-12-06;85;891
2023-12-06;13;89
2023-12-06;17;75.65
2023-12-06;24;75.65
2023-12-06;27;89
2023-12-06;28;75.65
2023-12-06;29;80.1
2023-12-06;31;89
2023-12-06;32;89
2023-12-06;34;71.2
2023-12-06;36;89
2023-12-06;37;89
2023-12-06;38;89
2023-12-06;39;89
2023-12-06;41;99
2023-12-07;47;99
2023-12-08;49;99
2023-12-08;86;79.2
2023-12-12;87;990
2023-12-13;53;87.12
2023-12-17;88;79.2
2023-12-17;89;99
2023-12-18;55;79.2
2023-12-22;90;99
2023-12-24;56;69
2023-12-25;60;69
2023-12-25;62;55.2
2023-12-25;64;69
2023-12-26;66;69
2023-12-26;67;69
2023-12-26;69;69
2023-12-26;70;69
2023-12-27;73;55.2
2023-12-27;76;69
2023-12-27;78;69
2023-12-27;79;69
2023-12-27;81;69
2023-12-27;82;69
2023-12-29;91;990
2024-01-01;92;99
2024-01-02;93;89
2024-01-03;94;890
2024-01-03;95;890
2024-01-03;96;89
2024-01-04;97;89
2024-01-04;98;445
2024-01-05;99;890
2024-01-05;4;75.65
2024-01-05;5;75.65
2024-01-05;7;75.65
2024-01-05;8;75.65
2024-01-05;10;75.65
2024-01-05;11;75.65
2024-01-05;12;89
2024-01-06;13;89
2024-01-06;17;75.65
2024-01-06;100;89
2024-01-06;24;75.65
2024-01-06;101;890
2024-01-06;29;80.1
2024-01-06;31;89
2024-01-06;32;89
2024-01-06;102;890
2024-01-06;34;71.2
2024-01-06;36;89
2024-01-06;37;89
2024-01-06;38;89
2024-01-06;39;89
2024-01-07;47;99
2024-01-07;103;89
2024-01-07;104;89
2024-01-07;105;89
2024-01-07;106;89
2024-01-07;107;890
2024-01-07;108;89
2024-01-07;109;89
2024-01-08;49;99
2024-01-08;86;79.2
2024-01-09;110;99
2024-01-10;111;990
2024-01-12;112;99
2024-01-13;113;99
2024-01-13;53;87.12
2024-01-17;89;99
2024-01-18;55;79.2
2024-01-21;114;99
2024-01-21;115;396
2024-01-22;90;99
2024-01-24;56;69
2024-01-25;60;69
2024-01-25;62;55.2
2024-01-25;116;990
2024-01-25;64;69
2024-01-26;66;69
2024-01-26;69;69
2024-01-26;70;69
2024-01-26;117;79.2
2024-01-26;118;79.2
2024-01-27;73;55.2
2024-01-27;79;69
2024-01-27;81;69
2024-01-27;82;69
2024-01-28;88;79.2
2024-02-01;92;99
2024-02-02;93;89
2024-02-03;96;89
2024-02-03;119;79.2
2024-02-04;120;792
2024-02-04;97;89
2024-02-05;4;75.65
2024-02-05;5;75.65
2024-02-05;7;75.65
2024-02-05;8;75.65
2024-02-05;10;75.65
2024-02-05;11;75.65
2024-02-05;12;89
2024-02-06;13;89
2024-02-06;17;75.65
2024-02-06;24;75.65
2024-02-06;28;75.65
2024-02-06;29;80.1
2024-02-06;31;89
2024-02-06;32;89
2024-02-06;34;71.2
2024-02-06;36;89
2024-02-06;37;89
2024-02-06;38;89
2024-02-07;47;99
2024-02-07;103;89
2024-02-07;121;99
2024-02-07;105;89
2024-02-07;106;89
2024-02-07;108;89
2024-02-08;49;99
2024-02-09;122;495
2024-02-09;110;99
2024-02-12;123;99
2024-02-12;112;99
2024-02-13;124;99
2024-02-14;125;99
2024-02-14;100;89
2024-02-16;126;99
2024-02-17;45;99
2024-02-17;89;99
2024-02-19;127;99
2024-02-22;90;99
2024-02-23;128;89.1
2024-02-23;129;396
2024-02-24;130;99
2024-02-25;60;69
2024-02-25;62;55.2
2024-02-25;64;69
2024-02-26;131;99
2024-02-26;66;69
2024-02-26;69;69
2024-02-26;70;69
2024-02-26;118;79.2
2024-02-27;73;55.2
2024-02-27;81;69
2024-02-27;82;69
2024-03-01;39;79.2
2024-03-01;132;89.1
2024-03-02;93;89
2024-03-03;96;89
2024-03-03;119;79.2
2024-03-04;88;79.2
2024-03-04;97;89
2024-03-05;133;99
2024-03-05;134;990
2024-03-05;5;75.65
2024-03-05;7;75.65
2024-03-05;8;75.65
2024-03-05;10;75.65
2024-03-05;11;75.65
2024-03-05;12;89
2024-03-06;13;89
2024-03-06;17;75.65
2024-03-06;24;75.65
2024-03-06;28;75.65
2024-03-06;29;80.1
2024-03-06;31;89
2024-03-06;32;89
2024-03-06;36;89
2024-03-06;37;89
2024-03-06;38;89
2024-03-07;47;99
2024-03-07;103;89
2024-03-07;121;99
2024-03-07;106;89
2024-03-07;135;792
2024-03-08;49;99
2024-03-09;136;990
2024-03-09;110;99
2024-03-10;137;990
2024-03-12;112;99
2024-03-12;123;99
2024-03-14;125;99
2024-03-16;126;99
2024-03-17;45;99
2024-03-17;89;99
2024-03-19;127;99
2024-03-20;138;99
2024-03-21;139;99
2024-03-22;90;99
2024-03-23;128;89.1
2024-03-24;140;198
2024-03-24;130;99
2024-03-25;60;69
2024-03-25;62;55.2
2024-03-25;64;69
2024-03-26;66;69
2024-03-26;69;69
2024-03-26;70;69
2024-03-26;118;79.2
2024-03-27;141;79.2
2024-03-27;73;55.2
2024-03-27;81;69
2024-03-27;82;69
2024-03-28;88;79.2
2024-03-30;39;79.2
2024-03-30;132;89.1
2024-04-01;142;495
2024-04-02;93;89
2024-04-03;143;99
2024-04-03;144;495
2024-04-03;96;89
2024-04-03;119;79.2
2024-04-04;97;89
2024-04-05;5;75.65
2024-04-05;7;75.65
2024-04-05;8;75.65
2024-04-05;145;990
2024-04-05;10;75.65
2024-04-05;11;75.65
2024-04-06;12;89
2024-04-06;17;75.65
2024-04-06;24;75.65
2024-04-06;28;75.65
2024-04-06;29;80.1
2024-04-06;31;89
2024-04-06;32;89
2024-04-06;36;89
2024-04-06;37;89
2024-04-06;38;89
2024-04-07;47;99
2024-04-07;103;89
2024-04-07;121;99
2024-04-07;106;89
2024-04-08;49;99
2024-04-08;86;79.2
2024-04-10;146;99
2024-04-10;147;990
2024-04-11;148;891
2024-04-11;149;99
2024-04-12;112;99
2024-04-12;123;99
2024-04-13;150;831.6
2024-04-14;151;495
2024-04-15;152;99
2024-04-16;153;990
2024-04-17;154;990
2024-04-18;89;99
2024-04-18;155;792
2024-04-19;127;99
2024-04-20;138;99
2024-04-21;139;99
2024-04-22;90;99
2024-04-23;128;89.1
2024-04-23;156;99
2024-04-24;130;99
2024-04-25;60;69
2024-04-25;62;55.2
2024-04-26;157;99
2024-04-26;69;69
2024-04-26;70;69
2024-04-27;118;79.2
2024-04-27;73;55.2
2024-04-27;81;69
2024-04-27;82;69
2024-04-30;39;79.2
2024-04-30;132;89.1
2024-05-01;158;99
2024-05-03;143;99
2024-05-03;96;89
2024-05-03;119;79.2
2024-05-04;97;89
2024-05-05;3;378.25
2024-05-05;5;75.65
2024-05-05;7;75.65
2024-05-05;2;445
2024-05-05;8;75.65
2024-05-05;10;75.65
2024-05-05;11;75.65
2024-05-06;12;89
2024-05-06;159;99
2024-05-06;17;75.65
2024-05-06;28;75.65
2024-05-06;29;80.1
2024-05-06;31;89
2024-05-06;32;89
2024-05-06;37;89
2024-05-06;38;89
2024-05-07;160;99
2024-05-07;47;99
2024-05-07;106;89
2024-05-08;49;99
2024-05-08;86;79.2
2024-05-10;161;92.07
2024-05-10;146;99
2024-05-12;112;99
2024-05-12;123;99
2024-05-12;162;990
2024-05-15;152;99
2024-05-17;163;990
2024-05-18;89;99
2024-05-19;127;99
2024-05-20;164;99
2024-05-20;138;99
2024-05-20;165;99
2024-05-21;67;396
2024-05-21;166;791
2024-05-21;139;99
2024-05-22;167;990
2024-05-22;168;79.2
2024-05-22;90;99
2024-05-22;169;396
2024-05-23;170;99
2024-05-23;128;89.1
2024-05-23;156;99
2024-05-23;171;881.1
2024-05-23;172;88.11
2024-05-23;88;79.2
2024-05-23;173;881.1
2024-05-23;174;99
2024-05-23;175;88.11
2024-05-24;176;881.1
2024-05-24;177;88.11
2024-05-24;178;88.11
2024-05-24;130;99
2024-05-24;179;881.1
2024-05-24;180;88.11
2024-05-24;181;88.11
2024-05-24;140;396
2024-05-24;59;276
2024-05-25;60;69
2024-05-25;62;55.2
2024-05-25;64;69
2024-05-26;157;99
2024-05-26;182;99
2024-05-26;183;990
2024-05-26;66;69
2024-05-26;68;276
2024-05-26;69;69
2024-05-26;70;69
2024-05-27;118;79.2
2024-05-27;73;55.2
2024-05-27;75;345
2024-05-27;81;69
2024-05-27;82;69
2024-05-28;184;99
2024-05-28;185;99
2024-05-29;186;91.08
2024-05-29;187;99
2024-05-29;188;79.2
2024-05-30;39;79.2
2024-05-30;189;99
2024-05-30;190;990
2024-05-30;191;91.08
2024-05-30;192;99
2024-05-30;193;99
2024-05-30;194;891
2024-05-30;121;99
2024-05-30;195;990
2024-05-30;196;99
2024-05-31;197;396
2024-05-31;198;91.08
2024-05-31;199;99
2024-05-31;200;99
2024-05-31;201;990
2024-05-31;202;79.2
2024-05-31;203;99
2024-05-31;204;99
2024-05-31;205;99
2024-05-31;206;99
2024-05-31;207;990
2024-05-31;208;445.5
2024-05-31;209;79.2
2024-05-31;210;881.1
2024-05-31;211;79.2
2024-05-31;212;99
2024-05-31;213;99
2024-05-31;214;99
2024-05-31;215;910.8
2024-05-31;216;99
2024-05-31;217;99
2024-05-31;218;495
2024-06-01;158;99
2024-06-01;219;99
2024-06-03;96;89
2024-06-03;119;79.2
2024-06-04;220;99
2024-06-04;97;89
2024-06-05;5;75.65
2024-06-05;7;75.65
2024-06-05;8;75.65
2024-06-05;10;75.65
2024-06-05;11;75.65
2024-06-06;12;89
2024-06-06;159;99
2024-06-06;17;75.65
2024-06-06;31;89
2024-06-06;32;89
2024-06-06;34;71.2
2024-06-06;37;89
2024-06-07;160;99
2024-06-07;47;99
2024-06-07;106;89
2024-06-09;117;99
2024-06-10;161;92.07
2024-06-10;146;99
2024-06-12;112;99
2024-06-12;123;99
2024-06-12;164;965.18
2024-06-14;221;990
2024-06-15;152;99
2024-06-18;89;99
2024-06-19;127;99
2024-06-19;222;1490
2024-06-19;223;1490
2024-06-20;138;99
2024-06-20;165;99
2024-06-20;224;1490
2024-06-21;139;99
2024-06-22;90;99
2024-06-22;168;79.2
2024-06-23;128;89.1
2024-06-23;170;99
2024-06-23;156;99
2024-06-23;174;99
2024-06-24;175;88.11
2024-06-24;177;88.11
2024-06-24;178;88.11
2024-06-24;180;88.11
2024-06-25;60;69
2024-06-25;62;55.2
2024-06-25;64;69
2024-06-26;157;99
2024-06-26;66;69
2024-06-26;182;99
2024-06-26;69;69
2024-06-27;118;79.2
2024-06-27;73;55.2
2024-06-27;81;69
2024-06-29;186;91.08
2024-06-29;187;99
2024-06-29;188;79.2
2024-06-30;39;79.2
2024-06-30;189;99
2024-06-30;198;91.08
2024-06-30;199;99
2024-06-30;191;91.08
2024-06-30;200;99
2024-06-30;192;99
2024-06-30;202;79.2
2024-06-30;203;99
2024-06-30;204;99
2024-06-30;205;99
2024-06-30;121;99
2024-06-30;206;99
2024-06-30;209;79.2
2024-06-30;211;79.2
2024-06-30;212;99
2024-06-30;213;99
2024-06-30;196;99
2024-06-30;214;99
2024-07-01;217;99
2024-07-01;158;99
2024-07-01;219;99
2024-07-02;130;99
2024-07-03;193;900.98
2024-07-03;96;89
2024-07-03;119;79.2
2024-07-04;132;69
2024-07-04;97;89
2024-07-04;220;99
2024-07-05;7;75.65
2024-07-05;8;75.65
2024-07-05;10;75.65
2024-07-05;11;75.65
2024-07-06;88;79.2
2024-07-06;159;99
2024-07-06;17;75.65
2024-07-06;70;69
2024-07-06;31;89
2024-07-06;34;71.2
2024-07-06;37;89
2024-07-07;47;99
2024-07-07;106;89
2024-07-10;161;92.07
2024-07-12;112;99
2024-07-12;123;99
2024-07-13;193;99
2024-07-13;32;89
2024-07-15;152;99
2024-07-20;117;99
2024-07-20;138;99
2024-07-20;165;99
2024-07-21;139;99
2024-07-22;90;99
2024-07-22;168;79.2
2024-07-23;128;89.1
2024-07-23;170;99
2024-07-23;156;99
2024-07-23;174;99
2024-07-24;175;88.11
2024-07-24;130;99
2024-07-24;178;88.11
2024-07-24;180;88.11
2024-07-25;60;69
2024-07-25;62;55.2
2024-07-25;64;69
2024-07-26;157;99
2024-07-26;182;99
2024-07-26;69;69
2024-07-26;70;69
2024-07-27;118;79.2
2024-07-27;73;55.2
2024-07-27;81;69
2024-07-29;186;91.08
2024-07-29;187;99
2024-07-29;184;99
2024-07-29;188;79.2
2024-07-30;189;99
2024-07-30;191;91.08
2024-07-30;192;99
2024-07-30;121;99
2024-07-30;196;99
2024-07-31;198;91.08
2024-07-31;199;99
2024-07-31;200;99
2024-07-31;202;79.2
2024-07-31;203;99
2024-07-31;204;99
2024-07-31;205;99
2024-07-31;206;99
2024-07-31;209;79.2
2024-07-31;212;99
2024-07-31;213;99
2024-07-31;214;99
2024-08-01;217;99
2024-08-01;158;99
2024-08-01;219;99
2024-08-03;96;89
2024-08-04;132;69
2024-08-04;97;89
2024-08-04;220;99
2024-08-05;88;79.2
2024-08-05;8;75.65
2024-08-05;10;75.65
2024-08-05;11;75.65
2024-08-06;17;75.65
2024-08-06;159;99
2024-08-06;31;89
2024-08-06;34;71.2
2024-08-06;37;89
2024-08-07;47;99
2024-08-07;106;89
2024-08-12;112;99
2024-08-12;123;99
2024-08-15;152;99
2024-08-20;138;99
2024-08-20;165;99
2024-08-21;139;99
2024-08-22;90;99
2024-08-22;168;79.2
2024-08-23;156;99
2024-08-23;88;79.2
2024-08-23;174;99
2024-08-24;130;99
2024-08-24;178;88.11
2024-08-24;180;88.11
2024-08-25;60;69
2024-08-25;62;55.2
2024-08-25;64;69
2024-08-26;157;99
2024-08-26;182;99
2024-08-26;69;69
2024-08-26;70;69
2024-08-27;118;79.2
2024-08-27;73;55.2
2024-08-27;81;69
2024-08-29;186;91.08
2024-08-29;187;99
2024-08-30;39;79.2
2024-08-30;189;99
2024-08-30;191;91.08
2024-08-30;192;99
2024-08-30;170;99
2024-08-30;121;99
2024-08-30;196;99
2024-08-31;198;91.08
2024-08-31;199;99
2024-08-31;202;79.2
2024-08-31;203;99
2024-08-31;204;99
2024-08-31;206;99
2024-08-31;212;99
2024-08-31;213;99
2024-08-31;214;99
2024-09-01;217;99
2024-09-01;225;169
2024-09-01;226;69
2024-09-01;227;1799
2024-09-01;228;169
2024-09-01;229;135.2
2024-09-01;158;99
2024-09-01;230;169
2024-09-01;231;169
2024-09-01;232;169
2024-09-01;233;169
2024-09-01;219;99
2024-09-02;234;990
2024-09-02;23;169
2024-09-02;235;169
2024-09-02;236;169
2024-09-02;237;169
2024-09-02;238;1439.2
2024-09-02;239;1439.2
2024-09-03;240;1799
2024-09-03;241;169
2024-09-03;242;169
2024-09-03;243;169
2024-09-03;96;89
2024-09-03;244;169
2024-09-04;132;69
2024-09-04;245;169
2024-09-04;246;169
2024-09-04;247;135.2
2024-09-04;248;169
2024-09-04;97;89
2024-09-04;220;99
2024-09-05;249;169
2024-09-05;250;169
2024-09-05;251;169
2024-09-05;252;169
2024-09-05;8;75.65
2024-09-05;10;75.65
2024-09-05;11;75.65
2024-09-05;253;169
2024-09-06;254;169
2024-09-06;159;99
2024-09-06;17;75.65
2024-09-06;255;169
2024-09-06;256;169
2024-09-06;257;169
2024-09-06;31;89
2024-09-06;34;71.2
2024-09-06;37;89
2024-09-07;258;152.1
2024-09-07;47;99
2024-09-07;259;169
2024-09-07;260;169
2024-09-07;261;1279.2
2024-09-07;262;169
2024-09-07;263;169
2024-09-07;264;169
2024-09-07;265;1799
2024-09-07;106;89
2024-09-08;266;169
2024-09-08;267;135.2
2024-09-08;268;169
2024-09-08;269;169
2024-09-08;270;169
2024-09-08;271;169
2024-09-08;272;169
2024-09-08;273;1799
2024-09-08;274;169
2024-09-08;275;169
2024-09-08;276;169
2024-09-08;277;1799
2024-09-08;278;169
2024-09-08;279;169
2024-09-08;280;1599
2024-09-08;281;169
2024-09-08;282;169
2024-09-08;283;169
2024-09-08;284;169
2024-09-08;285;1439.2
2024-09-08;286;169
2024-09-08;287;169
2024-09-08;288;169
2024-09-08;289;169
2024-09-08;290;1599
2024-09-08;291;169
2024-09-08;292;169
2024-09-08;293;169
2024-09-08;294;169
2024-09-08;295;135.2
2024-09-08;296;1799
2024-09-08;297;169
2024-09-08;298;169
2024-09-08;299;1799
2024-09-08;300;1599
2024-09-08;301;160.55
2024-09-08;302;169
2024-09-10;303;199
2024-09-10;304;199
2024-09-10;305;199
2024-09-11;306;199
2024-09-12;307;199
2024-09-12;112;99
2024-09-12;123;99
2024-09-13;308;199
2024-09-13;309;199
2024-09-15;310;199
2024-09-15;152;99
2024-09-15;311;199
2024-09-16;312;199
2024-09-16;249;169
2024-09-16;313;199
2024-09-18;314;199
2024-09-20;138;99
2024-09-20;165;99
2024-09-21;315;199
2024-09-21;139;99
2024-09-22;90;99
2024-09-22;168;79.2
2024-09-23;316;199
2024-09-23;317;199
2024-09-23;88;79.2
2024-09-23;174;99
2024-09-24;130;99
2024-09-24;178;88.11
2024-09-24;180;88.11
2024-09-24;181;88.11
2024-09-25;60;69
2024-09-25;62;55.2
2024-09-26;117;79.2
2024-09-26;157;99
2024-09-26;69;69
2024-09-26;70;69
2024-09-26;318;199
2024-09-27;118;79.2
2024-09-27;73;55.2
2024-09-27;81;69
2024-09-29;319;199
2024-09-29;320;199
2024-09-29;186;91.08
2024-09-29;187;99
2024-09-30;39;79.2
2024-09-30;189;99
2024-09-30;198;91.08
2024-09-30;199;99
2024-09-30;191;91.08
2024-09-30;202;79.2
2024-09-30;204;99
2024-09-30;121;99
2024-09-30;206;99
2024-09-30;212;99
2024-09-30;213;99
2024-09-30;196;99
2024-09-30;214;99
2024-10-01;217;99
2024-10-01;321;199
2024-10-01;158;99
2024-10-01;228;169
2024-10-01;229;135.2
2024-10-01;230;169
2024-10-01;36;199
2024-10-01;231;169
2024-10-01;232;169
2024-10-01;233;169
2024-10-01;219;99
2024-10-02;23;169
2024-10-02;322;199
2024-10-02;235;169
2024-10-02;236;169
2024-10-02;237;169
2024-10-03;241;169
2024-10-03;242;169
2024-10-03;243;169
2024-10-03;244;169
2024-10-03;323;199
2024-10-04;132;69
2024-10-04;245;169
2024-10-04;246;169
2024-10-04;248;169
2024-10-04;97;89
2024-10-04;220;99
2024-10-05;324;199
2024-10-05;250;169
2024-10-05;252;169
2024-10-05;7;75.65
2024-10-05;10;75.65
2024-10-05;11;75.65
2024-10-06;253;169
2024-10-06;325;199
2024-10-06;254;169
2024-10-06;159;99
2024-10-06;17;75.65
2024-10-06;326;199
2024-10-06;256;169
2024-10-06;31;89
2024-10-06;34;71.2
2024-10-06;37;89
2024-10-07;258;152.1
2024-10-07;47;99
2024-10-07;259;169
2024-10-07;327;199
2024-10-07;262;169
2024-10-07;263;169
2024-10-07;264;169
2024-10-08;266;169
2024-10-08;267;135.2
2024-10-08;268;169
2024-10-08;269;169
2024-10-08;270;169
2024-10-08;271;169
2024-10-08;272;169
2024-10-08;274;169
2024-10-08;275;169
2024-10-08;328;199
2024-10-08;279;169
2024-10-08;281;169
2024-10-08;282;169
2024-10-08;283;169
2024-10-08;284;169
2024-10-08;286;169
2024-10-08;287;169
2024-10-08;288;169
2024-10-08;289;169
2024-10-08;291;169
2024-10-08;292;169
2024-10-08;293;169
2024-10-08;294;169
2024-10-08;297;169
2024-10-08;298;169
2024-10-08;301;160.55
2024-10-08;302;169
2024-10-09;329;199
2024-10-09;330;199
2024-10-10;303;199
2024-10-12;307;199
2024-10-12;123;99
2024-10-12;331;199
2024-10-13;305;199
2024-10-13;308;199
2024-10-15;311;199
2024-10-16;332;199
2024-10-16;312;199
2024-10-16;249;169
2024-10-16;313;199
2024-10-17;333;159.2
2024-10-20;138;99
2024-10-20;334;199
2024-10-20;165;99
2024-10-21;315;199
2024-10-21;139;99
2024-10-22;335;199
2024-10-22;90;99
2024-10-22;168;79.2
2024-10-23;316;199
2024-10-23;317;199
2024-10-23;88;79.2
2024-10-23;174;99
2024-10-24;336;199
2024-10-24;337;159.2
2024-10-24;130;99
2024-10-24;178;88.11
2024-10-24;180;88.11
2024-10-24;181;88.11
2024-10-25;60;69
2024-10-25;62;55.2
2024-10-25;64;69
2024-10-26;157;99
2024-10-26;69;69
2024-10-26;70;69
2024-10-27;118;79.2
2024-10-27;73;55.2
2024-10-27;81;69
2024-10-28;338;199
2024-10-28;339;199
2024-10-28;340;1799
2024-10-29;319;199
2024-10-29;320;199
2024-10-29;186;91.08
2024-10-29;187;99
2024-10-30;39;79.2
2024-10-30;189;99
2024-10-30;191;91.08
2024-10-30;121;99
2024-10-30;196;99
2024-10-30;341;1759.12
2024-10-31;198;91.08
2024-10-31;199;99
2024-10-31;202;79.2
2024-10-31;204;99
2024-10-31;212;99
2024-10-31;213;99
2024-10-31;214;99
2024-10-31;217;99
2024-11-01;226;69
2024-11-01;158;99
2024-11-01;228;169
2024-11-01;321;199
2024-11-01;229;135.2
2024-11-01;230;169
2024-11-01;231;169
2024-11-01;36;199
2024-11-01;342;199
2024-11-01;233;169
2024-11-01;219;99
2024-11-02;23;169
2024-11-02;322;199
2024-11-02;235;169
2024-11-02;236;169
2024-11-02;237;169
2024-11-02;343;199
2024-11-02;144;495
2024-11-03;241;169
2024-11-03;242;169
2024-11-03;243;169
2024-11-03;344;199
2024-11-03;244;169
2024-11-03;323;199
2024-11-04;132;69
2024-11-04;245;169
2024-11-04;246;169
2024-11-04;247;135.2
2024-11-04;248;169
2024-11-04;220;99
2024-11-04;345;199
2024-11-05;346;159.2
2024-11-05;252;169
2024-11-05;3;378.25
2024-11-05;6;801
2024-11-05;7;75.65
2024-11-05;2;445
2024-11-05;9;756.5
2024-11-05;10;75.65
2024-11-05;11;75.65
2024-11-05;253;169
2024-11-06;159;99
2024-11-06;17;75.65
2024-11-06;18;890
2024-11-06;256;169
2024-11-06;326;199
2024-11-06;30;756.5
2024-11-06;251;199
2024-11-06;31;89
2024-11-06;33;356
2024-11-06;34;71.2
2024-11-06;35;801
2024-11-06;37;89
2024-11-07;44;990
2024-11-07;258;152.1
2024-11-07;47;99
2024-11-07;262;169
2024-11-07;263;169
2024-11-07;327;199
2024-11-07;264;169
2024-11-08;266;169
2024-11-08;347;199
2024-11-08;267;135.2
2024-11-08;268;169
2024-11-08;269;169
2024-11-08;270;169
2024-11-08;271;169
2024-11-08;272;169
2024-11-08;274;169
2024-11-08;275;169
2024-11-08;328;199
2024-11-08;279;169
2024-11-08;283;169
2024-11-08;284;169
2024-11-08;288;169
2024-11-08;289;169
2024-11-08;291;169
2024-11-08;292;169
2024-11-08;293;169
2024-11-08;294;169
2024-11-08;297;169
2024-11-08;298;169
2024-11-08;301;160.55
2024-11-08;302;169
2024-11-09;348;199
2024-11-09;349;199
2024-11-09;330;199
2024-11-09;350;199
2024-11-10;303;199
2024-11-11;351;199
2024-11-12;352;175.12
2024-11-12;123;99
2024-11-12;353;199
2024-11-12;331;199
2024-11-12;354;199
2024-11-13;308;199
2024-11-14;355;199
2024-11-14;54;871.2
2024-11-14;356;1599.2
2024-11-14;357;199
2024-11-15;311;199
2024-11-15;286;169
2024-11-16;259;169
2024-11-16;332;199
2024-11-16;312;199
2024-11-16;313;199
2024-11-17;305;199
2024-11-17;358;199
2024-11-18;359;199
2024-11-19;360;199
2024-11-20;138;99
2024-11-20;334;199
2024-11-20;165;99
2024-11-21;315;199
2024-11-21;361;199
2024-11-21;139;99
2024-11-22;314;199
2024-11-22;90;99
2024-11-22;168;79.2
2024-11-23;316;199
2024-11-23;317;199
2024-11-24;336;199
2024-11-24;362;199
2024-11-24;130;99
2024-11-24;178;88.11
2024-11-24;180;88.11
2024-11-24;181;88.11
2024-11-24;140;396
2024-11-25;60;69
2024-11-25;363;179
2024-11-25;364;179
2024-11-25;61;607.2
2024-11-25;62;55.2
2024-11-25;64;69
2024-11-25;365;999
2024-11-26;366;179
2024-11-26;65;690
2024-11-26;367;999
2024-11-26;69;69
2024-11-26;70;69
2024-11-26;118;79.2
2024-11-27;368;820
2024-11-27;73;55.2
2024-11-27;75;345
2024-11-27;80;690
2024-11-27;81;69
2024-11-28;338;199
2024-11-28;369;999
2024-11-28;339;199
2024-11-28;370;179
2024-11-29;320;199
2024-11-29;186;91.08
2024-11-29;371;999
2024-11-29;187;99
2024-11-29;307;199
2024-11-30;39;79.2
2024-11-30;372;179
2024-11-30;189;99
2024-11-30;198;91.08
2024-11-30;199;99
2024-11-30;373;999
2024-11-30;191;91.08
2024-11-30;202;79.2
2024-11-30;374;179
2024-11-30;204;99
2024-11-30;208;495
2024-11-30;121;99
2024-11-30;212;99
2024-11-30;213;99
2024-11-30;196;99
2024-11-30;214;99
2024-11-30;217;99
2024-12-01;375;999
2024-12-01;333;159.2
2024-12-01;376;999
2024-12-01;226;69
2024-12-01;158;99
2024-12-01;228;169
2024-12-01;321;199
2024-12-01;229;135.2
2024-12-01;230;169
2024-12-01;377;179
2024-12-01;378;999
2024-12-01;231;169
2024-12-01;36;199
2024-12-01;379;179
2024-12-01;380;999
2024-12-01;219;99
2024-12-01;381;999
2024-12-01;382;999
2024-12-01;383;999
2024-12-02;384;999
2024-12-02;385;999
2024-12-02;23;169
2024-12-02;386;179
2024-12-02;387;999
2024-12-02;322;199
2024-12-02;388;143.2
2024-12-02;389;179
2024-12-02;390;999
2024-12-02;391;999
2024-12-02;392;179
2024-12-02;84;999
2024-12-02;237;169
2024-12-02;393;999
2024-12-02;394;999
2024-12-02;395;999
2024-12-02;396;179
2024-12-02;397;999
2024-12-02;343;199
2024-12-02;398;999
2024-12-03;241;169
2024-12-03;242;169
2024-12-03;243;169
2024-12-03;244;169
2024-12-04;132;69
2024-12-04;399;199
2024-12-04;248;169
2024-12-04;220;99
2024-12-04;345;199
2024-12-05;252;169
2024-12-05;7;75.65
2024-12-05;10;75.65
2024-12-05;11;75.65
2024-12-05;253;169
2024-12-06;159;99
2024-12-06;17;75.65
2024-12-06;256;169
2024-12-06;31;89
2024-12-06;34;71.2
2024-12-06;251;199
2024-12-06;37;89
2024-12-07;47;99
2024-12-07;262;169
2024-12-07;263;169
2024-12-07;327;199
2024-12-07;264;169
2024-12-08;266;169
2024-12-08;267;135.2
2024-12-08;347;199
2024-12-08;268;169
2024-12-08;270;169
2024-12-08;271;169
2024-12-08;272;169
2024-12-08;274;169
2024-12-08;275;169
2024-12-08;328;199
2024-12-08;279;169
2024-12-08;283;169
2024-12-08;284;169
2024-12-08;288;169
2024-12-08;289;169
2024-12-08;291;169
2024-12-08;292;169
2024-12-08;293;169
2024-12-08;294;169
2024-12-08;297;169
2024-12-08;301;160.55
2024-12-08;302;169
2024-12-09;330;199
2024-12-09;350;199
2024-12-10;303;199
2024-12-11;400;597
2024-12-11;351;199
2024-12-11;401;199
2024-12-12;352;175.12
2024-12-12;123;99
2024-12-12;331;199
2024-12-13;308;199
2024-12-14;357;199
2024-12-15;311;199
2024-12-16;312;199
2024-12-16;313;199
2024-12-17;402;199
2024-12-17;358;199
2024-12-18;56;159.2
2024-12-18;359;199
2024-12-19;360;199
2024-12-20;333;159.2
2024-12-20;334;199
2024-12-21;315;199
2024-12-21;305;199
2024-12-21;361;199
2024-12-21;139;99
2024-12-22;314;199
2024-12-22;168;79.2
2024-12-23;342;199
2024-12-23;316;199
2024-12-23;403;199
2024-12-23;259;169
2024-12-23;317;199
2024-12-24;336;199
2024-12-24;254;149.25
2024-12-24;130;99
2024-12-24;180;88.11
2024-12-24;181;88.11
2024-12-25;363;179
2024-12-25;62;55.2
2024-12-25;64;69
2024-12-26;69;69
2024-12-26;70;69
2024-12-26;118;79.2
2024-12-27;178;88.11
2024-12-27;73;55.2
2024-12-27;81;69
2024-12-28;338;199
2024-12-28;60;69
2024-12-28;339;199
2024-12-28;332;199
2024-12-29;320;199
2024-12-29;186;91.08
2024-12-30;39;79.2
2024-12-30;372;179
2024-12-30;189;99
2024-12-30;191;91.08
2024-12-30;374;179
2024-12-30;121;99
2024-12-30;196;99
2024-12-31;198;91.08
2024-12-31;199;99
2024-12-31;202;79.2
2024-12-31;203;99
2024-12-31;204;99
2024-12-31;214;99
2024-12-31;217;99
2025-01-01;158;99
2025-01-01;321;199
2025-01-01;229;135.2
2025-01-01;230;169
2025-01-01;377;179
2025-01-01;231;169
2025-01-01;219;99
2025-01-01;404;199
2025-01-02;23;169
2025-01-02;386;179
2025-01-02;322;199
2025-01-02;388;143.2
2025-01-02;389;179
2025-01-02;237;169
2025-01-02;343;199
2025-01-03;241;169
2025-01-03;243;169
2025-01-03;213;99
2025-01-03;244;169
2025-01-04;132;69
2025-01-04;228;169
2025-01-04;226;69
2025-01-04;247;135.2
2025-01-04;220;99
2025-01-04;345;199
2025-01-05;7;75.65
2025-01-05;10;75.65
2025-01-05;11;75.65
2025-01-05;253;169
2025-01-06;405;169
2025-01-06;159;99
2025-01-06;17;75.65
2025-01-06;406;169
2025-01-06;256;169
2025-01-06;407;999
2025-01-06;31;89
2025-01-06;32;169
2025-01-06;34;71.2
2025-01-06;251;199
2025-01-06;408;999
2025-01-06;114;135.2
2025-01-06;37;89
2025-01-06;107;890
2025-01-07;409;169
2025-01-07;47;99
2025-01-07;259;169
2025-01-07;262;169
2025-01-07;327;199
2025-01-07;264;169
2025-01-07;410;999
2025-01-08;266;169
2025-01-08;267;135.2
2025-01-08;268;169
2025-01-08;270;169
2025-01-08;271;169
2025-01-08;272;169
2025-01-08;274;169
2025-01-08;411;999
2025-01-08;275;169
2025-01-08;328;199
2025-01-08;279;169
2025-01-08;283;169
2025-01-08;284;169
2025-01-08;412;169
2025-01-08;288;169
2025-01-08;289;169
2025-01-08;291;169
2025-01-08;292;169
2025-01-08;293;169
2025-01-08;294;169
2025-01-08;297;169
2025-01-08;301;160.55
2025-01-08;302;169
2025-01-08;413;169
2025-01-09;414;999
2025-01-09;415;169
2025-01-09;416;999
2025-01-09;417;999
2025-01-09;330;199
2025-01-09;350;199
2025-01-10;418;999
2025-01-10;303;199
2025-01-11;344;169
2025-01-11;347;199
2025-01-11;351;199
2025-01-11;419;169
2025-01-11;420;999
2025-01-11;421;169
2025-01-11;422;999
2025-01-11;423;999
2025-01-11;401;199
2025-01-12;352;175.12
2025-01-12;123;99
2025-01-12;424;999
2025-01-12;331;199
2025-01-12;425;999
2025-01-12;426;999
2025-01-13;427;169
2025-01-13;308;199
2025-01-13;428;999
2025-01-13;429;169
2025-01-13;430;999
2025-01-13;431;169
2025-01-13;432;169
2025-01-13;433;999
2025-01-13;434;999
2025-01-13;435;169
2025-01-14;357;199
2025-01-15;436;199
2025-01-15;311;199
2025-01-16;313;199
2025-01-17;437;199
2025-01-17;358;199
2025-01-18;242;169
2025-01-18;56;159.2
2025-01-18;359;199
2025-01-19;360;199
2025-01-20;334;199
2025-01-21;139;99
2025-01-22;438;199
2025-01-22;168;79.2
2025-01-23;316;199
2025-01-23;317;199
2025-01-24;336;199
2025-01-24;254;149.25
2025-01-24;130;99
2025-01-24;178;88.11
2025-01-24;180;88.11
2025-01-24;181;88.11
2025-01-25;439;1799
2025-01-25;363;179
2025-01-25;62;55.2
2025-01-25;64;69
2025-01-26;440;199
2025-01-26;441;199
2025-01-26;69;69
2025-01-26;70;69
2025-01-26;118;79.2
2025-01-27;442;199
2025-01-27;73;55.2
2025-01-27;81;69
2025-01-27;71;345
2025-01-28;338;199
2025-01-28;60;69
2025-01-28;339;199
2025-01-29;320;199
2025-01-29;186;91.08
2025-01-29;443;1279.2
2025-01-30;39;79.2
2025-01-30;372;179
2025-01-30;189;99
2025-01-30;191;91.08
2025-01-30;374;179
2025-01-30;121;99
2025-01-30;444;199
2025-01-30;445;199
2025-01-30;196;99
2025-01-30;446;199
2025-01-31;199;99
2025-01-31;202;79.2
2025-01-31;204;99
2025-01-31;447;159.2
2025-01-31;214;99
2025-01-31;217;99
2025-02-01;448;1279.2
2025-02-01;449;199
2025-02-01;158;99
2025-02-01;229;135.2
2025-02-01;230;169
2025-02-01;377;179
2025-02-01;231;169
2025-02-01;219;99
2025-02-02;23;169
2025-02-02;386;179
2025-02-02;322;199
2025-02-02;450;159.2
2025-02-02;388;143.2
2025-02-02;389;179
2025-02-02;237;169
2025-02-02;343;199
2025-02-02;342;199
2025-02-03;451;1439.2
2025-02-03;241;169
2025-02-03;242;169
2025-02-03;452;199
2025-02-03;453;199
2025-02-03;244;169
2025-02-04;132;69
2025-02-04;213;99
2025-02-04;226;69
2025-02-04;454;199
2025-02-04;455;199
2025-02-04;220;99
2025-02-04;345;199
2025-02-05;7;75.65
2025-02-05;10;75.65
2025-02-05;11;75.65
2025-02-05;253;169
2025-02-06;159;99
2025-02-06;17;75.65
2025-02-06;456;1799
2025-02-06;406;169
2025-02-06;256;169
2025-02-06;31;89
2025-02-06;34;71.2
2025-02-06;251;199
2025-02-06;37;89
2025-02-06;32;169
2025-02-07;198;91.08
2025-02-07;47;99
2025-02-07;259;169
2025-02-07;262;169
2025-02-07;327;199
2025-02-07;264;169
2025-02-08;266;169
2025-02-08;267;135.2
2025-02-08;268;169
2025-02-08;270;169
2025-02-08;271;169
2025-02-08;272;169
2025-02-08;274;169
2025-02-08;275;169
2025-02-08;328;199
2025-02-08;283;169
2025-02-08;284;169
2025-02-08;288;169
2025-02-08;289;169
2025-02-08;291;169
2025-02-08;292;169
2025-02-08;293;169
2025-02-08;412;169
2025-02-08;294;169
2025-02-08;297;169
2025-02-08;301;160.55
2025-02-08;302;169
2025-02-09;413;169
2025-02-09;405;169
2025-02-09;415;169
2025-02-09;350;199
2025-02-10;457;199
2025-02-11;344;169
2025-02-11;351;199
2025-02-11;458;199
2025-02-11;419;169
2025-02-11;421;169
2025-02-11;401;199
2025-02-12;352;175.12
2025-02-12;123;99
2025-02-12;331;199
2025-02-13;427;169
2025-02-13;308;199
2025-02-13;432;169
2025-02-13;435;169
2025-02-14;459;199
2025-02-15;311;199
2025-02-16;313;199
2025-02-18;56;159.2
2025-02-18;460;199
2025-02-18;359;199
2025-02-19;360;199
2025-02-19;461;199
2025-02-21;347;199
2025-02-21;139;99
2025-02-22;438;199
2025-02-22;462;159.2
2025-02-22;168;79.2
2025-02-23;316;199
2025-02-23;342;199
2025-02-23;463;199
2025-02-23;464;199
2025-02-23;317;199
2025-02-24;336;199
2025-02-24;465;199
2025-02-24;466;199
2025-02-24;130;99
2025-02-24;178;88.11
2025-02-24;180;88.11
2025-02-24;181;88.11
2025-02-24;467;199
2025-02-25;363;179
2025-02-25;62;55.2
2025-02-25;64;69
2025-02-26;69;69
2025-02-26;441;199
2025-02-26;118;79.2
2025-02-27;468;199
2025-02-27;81;69
2025-02-28;338;199
2025-02-28;186;91.08
2025-02-28;372;179
2025-02-28;189;99
2025-02-28;198;91.08
2025-02-28;60;69
2025-02-28;199;99
2025-02-28;191;91.08
2025-02-28;202;79.2
2025-02-28;204;99
2025-02-28;374;179
2025-02-28;121;99
2025-02-28;447;159.2
2025-02-28;444;199
2025-02-28;445;199
2025-02-28;213;99
2025-02-28;214;99
2025-02-28;217;99
2025-03-01;320;199
2025-03-01;39;79.2
2025-03-01;158;99
2025-03-01;229;135.2
2025-03-01;449;199
2025-03-01;230;169
2025-03-01;377;179
2025-03-01;219;99
2025-03-01;469;199
2025-03-02;23;169
2025-03-02;386;179
2025-03-02;322;199
2025-03-02;470;1799
2025-03-02;388;143.2
2025-03-02;237;169
2025-03-02;471;199
2025-03-02;343;199
2025-03-03;241;169
2025-03-03;242;169
2025-03-03;196;99
2025-03-03;73;55.2
2025-03-04;132;69
2025-03-04;226;69
2025-03-04;472;199
2025-03-04;442;159.2
2025-03-04;455;199
2025-03-04;220;99
2025-03-04;345;199
2025-03-05;473;199
2025-03-05;389;179
2025-03-05;474;199
2025-03-05;7;75.65
2025-03-05;10;75.65
2025-03-05;11;75.65
2025-03-05;253;169
2025-03-06;405;169
2025-03-06;159;99
2025-03-06;17;75.65
2025-03-06;406;169
2025-03-06;256;169
2025-03-06;475;199
2025-03-06;31;89
2025-03-06;251;199
2025-03-06;37;89
2025-03-06;32;169
2025-03-07;47;99
2025-03-07;68;199
2025-03-07;440;159.2
2025-03-07;262;169
2025-03-07;327;199
2025-03-07;264;169
2025-03-08;266;169
2025-03-08;267;135.2
2025-03-08;347;199
2025-03-08;268;169
2025-03-08;270;169
2025-03-08;272;169
2025-03-08;274;169
2025-03-08;328;199
2025-03-08;283;169
2025-03-08;284;169
2025-03-08;288;169
2025-03-08;289;169
2025-03-08;291;169
2025-03-08;292;169
2025-03-08;293;169
2025-03-08;412;169
2025-03-08;294;169
2025-03-08;297;169
2025-03-08;301;160.55
2025-03-09;413;169
2025-03-09;415;169
2025-03-09;350;199
2025-03-09;476;199
2025-03-10;477;199
2025-03-10;312;199
2025-03-10;478;169
2025-03-11;479;169
2025-03-11;344;169
2025-03-11;200;169
2025-03-11;351;199
2025-03-11;458;199
2025-03-11;421;169
2025-03-11;401;199
2025-03-12;352;175.12
2025-03-12;123;99
2025-03-12;355;169
2025-03-12;480;160.55
2025-03-12;481;959.2
2025-03-12;331;199
2025-03-12;482;1139.05
2025-03-12;483;1139.05
2025-03-12;484;169
2025-03-12;92;160.55
2025-03-12;485;160.55
2025-03-12;486;1139.05
2025-03-12;487;959.2
2025-03-13;427;169
2025-03-13;488;135.2
2025-03-13;308;990
2025-03-13;432;169
2025-03-13;435;169
2025-03-14;489;1199
2025-03-14;490;152.1
2025-03-15;491;1199
2025-03-15;259;169
2025-03-15;492;1799
2025-03-15;493;1199
2025-03-16;233;169
2025-03-16;494;169
2025-03-16;495;1199
2025-03-16;496;169
2025-03-16;313;199
2025-03-17;459;199
2025-03-17;497;169
2025-03-17;498;169
2025-03-17;499;1199
2025-03-17;500;1199
2025-03-17;137;1199
2025-03-17;131;169
2025-03-17;501;135.2
2025-03-17;502;1199
2025-03-18;503;169
2025-03-18;56;159.2
2025-03-18;460;199
2025-03-18;311;199
2025-03-18;504;169
2025-03-18;359;199
2025-03-19;505;199
2025-03-19;461;199
2025-03-20;506;199
2025-03-21;139;99
2025-03-22;438;199
2025-03-22;507;199
2025-03-22;168;79.2
2025-03-23;316;199
2025-03-23;463;199
2025-03-23;508;199
2025-03-24;336;199
2025-03-24;130;99
2025-03-24;178;88.11
2025-03-24;466;199
2025-03-24;180;88.11
2025-03-24;181;88.11
2025-03-25;363;179
2025-03-25;62;55.2
2025-03-25;509;1490
2025-03-25;64;69
2025-03-26;510;1490
2025-03-26;69;69
2025-03-26;441;199
2025-03-26;118;79.2
2025-03-27;511;199
2025-03-27;465;199
2025-03-27;81;69
2025-03-28;338;199
2025-03-28;60;69
2025-03-29;320;199
2025-03-29;186;91.08
2025-03-30;39;79.2
2025-03-30;372;179
2025-03-30;189;99
2025-03-30;191;91.08
2025-03-30;374;179
2025-03-30;121;99
2025-03-30;445;199
2025-03-30;196;99
2025-03-31;512;199
2025-03-31;198;91.08
2025-03-31;199;99
2025-03-31;513;1341
2025-03-31;514;199
2025-03-31;202;79.2
2025-03-31;204;99
2025-03-31;213;99
2025-03-31;214;99
2025-04-01;217;99
2025-04-01;515;199
2025-04-01;226;69
2025-04-01;158;99
2025-04-01;229;135.2
2025-04-01;230;169
2025-04-01;219;99
2025-04-02;469;199
2025-04-02;23;169
2025-04-02;322;199
2025-04-02;388;143.2
2025-04-02;389;179
2025-04-02;237;169
2025-04-02;471;199
2025-04-02;343;199
2025-04-02;516;1490
2025-04-03;73;55.2
2025-04-03;241;169
2025-04-03;242;169
2025-04-03;517;199
2025-04-03;192;199
2025-04-04;132;69
2025-04-04;247;135.2
2025-04-04;518;199
2025-04-04;220;99
2025-04-04;345;199
2025-04-05;473;199
2025-04-05;7;75.65
2025-04-05;10;75.65
2025-04-05;11;75.65
2025-04-06;253;169
2025-04-06;405;169
2025-04-06;159;99
2025-04-06;17;75.65
2025-04-06;406;169
2025-04-06;256;169
2025-04-06;442;1349.25
2025-04-06;475;199
2025-04-06;31;89
2025-04-06;251;199
2025-04-06;37;89
2025-04-06;32;169
2025-04-07;47;99
2025-04-07;259;169
2025-04-07;519;1490
2025-04-07;520;199
2025-04-07;521;159.2
2025-04-07;262;169
2025-04-07;327;199
2025-04-07;440;159.2
2025-04-08;266;169
2025-04-08;522;1490
2025-04-08;267;135.2
2025-04-08;523;159.2
2025-04-08;268;169
2025-04-08;270;169
2025-04-08;272;169
2025-04-08;328;199
2025-04-08;284;169
2025-04-08;288;169
2025-04-08;289;169
2025-04-08;291;169
2025-04-08;292;169
2025-04-08;293;169
2025-04-08;412;169
2025-04-08;297;169
2025-04-08;301;160.55
2025-04-09;413;169
2025-04-09;350;199
2025-04-09;476;199
2025-04-10;524;159.2
2025-04-10;312;199
2025-04-10;525;199
2025-04-10;478;169
2025-04-11;344;169
2025-04-11;479;169
2025-04-11;526;159.2
2025-04-11;200;169
2025-04-11;351;199
2025-04-11;458;199
2025-04-11;527;199
2025-04-11;421;169
2025-04-11;401;199
2025-04-11;528;199
2025-04-12;352;175.12
2025-04-12;123;99
2025-04-12;355;169
2025-04-12;480;160.55
2025-04-12;485;160.55
2025-04-12;474;199
2025-04-13;427;169
2025-04-13;488;135.2
2025-04-13;432;169
2025-04-13;435;169
2025-04-14;459;199
2025-04-14;490;152.1
2025-04-16;233;169
2025-04-16;494;169
2025-04-16;496;169
2025-04-16;313;199
2025-04-17;497;169
2025-04-17;498;169
2025-04-17;529;1490
2025-04-18;503;169
2025-04-18;56;159.2
2025-04-18;311;199
2025-04-18;359;199
2025-04-19;504;169
2025-04-19;505;199
2025-04-20;461;199
2025-04-20;506;199
2025-04-21;347;199
2025-04-22;507;199
2025-04-22;168;79.2
2025-04-23;316;199
2025-04-23;463;199
2025-04-23;508;199
2025-04-24;336;199
2025-04-24;465;199
2025-04-24;130;99
2025-04-24;178;88.11
2025-04-24;180;88.11
2025-04-25;530;199
2025-04-25;62;55.2
2025-04-25;64;69
2025-04-26;69;69
2025-04-27;118;79.2
2025-04-27;511;199
2025-04-27;531;199
2025-04-28;338;199
2025-04-28;532;1192
2025-04-28;60;69
2025-04-29;533;1490
2025-04-29;320;199
2025-04-29;186;91.08
2025-04-29;534;199
2025-04-30;181;88.11
2025-04-30;39;79.2
2025-04-30;372;179
2025-04-30;189;99
2025-04-30;198;91.08
2025-04-30;199;99
2025-04-30;191;91.08
2025-04-30;514;199
2025-04-30;202;79.2
2025-04-30;204;99
2025-04-30;121;99
2025-04-30;196;99
2025-04-30;214;99
2025-05-01;217;99
2025-05-01;226;69
2025-05-01;158;99
2025-05-01;230;169
2025-05-01;219;99
2025-05-02;23;169
2025-05-02;535;199
2025-05-02;322;199
2025-05-02;388;143.2
2025-05-02;389;179
2025-05-02;237;169
2025-05-02;343;199
2025-05-03;241;169
2025-05-03;242;169
2025-05-03;536;1490
2025-05-03;192;199
2025-05-04;132;69
2025-05-04;247;135.2
2025-05-04;537;199
2025-05-04;518;199
2025-05-04;220;99
2025-05-04;81;69
2025-05-04;345;199
2025-05-05;473;199
2025-05-05;538;199
2025-05-05;474;199
2025-05-05;3;378.25
2025-05-05;114;159.2
2025-05-05;7;75.65
2025-05-05;10;75.65
2025-05-05;11;75.65
2025-05-06;253;169
2025-05-06;539;159.2
2025-05-06;405;169
2025-05-06;17;75.65
2025-05-06;256;169
2025-05-06;406;169
2025-05-06;31;89
2025-05-06;213;99
2025-05-06;33;356
2025-05-06;251;199
2025-05-06;37;89
2025-05-06;32;169
2025-05-07;540;199
2025-05-07;47;99
2025-05-07;541;199
2025-05-07;437;199
2025-05-07;542;199
2025-05-07;520;199
2025-05-07;521;159.2
2025-05-07;543;1490
2025-05-07;262;169
2025-05-07;73;55.2
2025-05-07;440;159.2
2025-05-08;266;169
2025-05-08;267;135.2
2025-05-08;268;169
2025-05-08;523;159.2
2025-05-08;270;169
2025-05-08;272;169
2025-05-08;144;495
2025-05-08;328;199
2025-05-08;288;169
2025-05-08;291;169
2025-05-08;292;169
2025-05-08;293;169
2025-05-08;412;169
2025-05-08;297;169
2025-05-08;301;160.55
2025-05-09;413;169
2025-05-09;544;1490
2025-05-09;350;199
2025-05-09;147;990
2025-05-09;545;199
2025-05-09;476;199
2025-05-10;546;199
2025-05-10;312;199
2025-05-10;475;199
2025-05-10;478;169
2025-05-10;525;199
2025-05-11;547;199
2025-05-11;548;199
2025-05-11;479;169
2025-05-11;526;159.2
2025-05-11;200;169
2025-05-11;549;159.2
2025-05-11;351;199
2025-05-11;458;199
2025-05-11;527;199
2025-05-11;550;199
2025-05-11;162;159.2
2025-05-11;401;199
2025-05-11;551;199
2025-05-12;259;169
2025-05-12;352;175.12
2025-05-12;480;160.55
2025-05-12;552;1490
2025-05-12;485;160.55
2025-05-13;488;135.2
2025-05-13;432;169
2025-05-13;435;169
2025-05-14;459;199
2025-05-14;490;152.1
2025-05-14;183;990
2025-05-15;553;199
2025-05-15;311;199
2025-05-15;554;199
2025-05-16;233;169
2025-05-16;494;169
2025-05-16;496;169
2025-05-16;313;199
2025-05-17;497;169
2025-05-17;498;169
2025-05-17;163;990
2025-05-18;503;169
2025-05-18;56;159.2
2025-05-18;359;199
2025-05-19;504;169
2025-05-19;505;199
2025-05-19;555;199
2025-05-19;556;199
2025-05-19;557;1490
2025-05-20;461;199
2025-05-20;506;199
2025-05-20;558;199
2025-05-21;559;1490
2025-05-21;560;199
2025-05-22;561;199
2025-05-22;562;199
2025-05-22;176;792
2025-05-23;463;199
2025-05-23;508;199
2025-05-24;336;199
2025-05-24;563;199
2025-05-24;465;199
2025-05-24;130;99
2025-05-24;178;88.11
2025-05-24;180;88.11
2025-05-24;181;88.11
2025-05-25;530;199
2025-05-25;62;55.2
2025-05-25;564;1099
2025-05-25;64;69
2025-05-26;565;1099
2025-05-26;566;169
2025-05-26;69;69
2025-05-27;118;79.2
2025-05-27;511;199
2025-05-27;567;879.2
2025-05-27;73;55.2
2025-05-27;531;199
2025-05-27;208;495
2025-05-27;75;345
2025-05-27;215;891
2025-05-28;338;199
2025-05-28;60;69
2025-05-28;68;169
2025-05-29;320;199
2025-05-29;186;91.08
2025-05-29;568;169
2025-05-29;569;169
2025-05-29;534;199
2025-05-30;372;179
2025-05-30;189;99
2025-05-30;570;157.17
2025-05-30;121;99
2025-05-30;571;169
2025-05-30;572;157.17
2025-05-30;573;169
2025-05-30;196;99
2025-05-31;574;1022.07
2025-05-31;575;1022.07
2025-05-31;198;91.08
2025-05-31;576;160.55
2025-05-31;577;1099
2025-05-31;355;169
2025-05-31;514;199
2025-05-31;204;99
2025-05-31;213;99
2025-05-31;214;99
2025-06-01;217;99
2025-06-01;578;1099
2025-06-01;226;69
2025-06-01;158;99
2025-06-01;230;169
2025-06-01;579;169
2025-06-01;580;169
2025-06-01;219;99
2025-06-02;581;879.2
2025-06-02;535;199
2025-06-02;322;199
2025-06-02;582;169
2025-06-02;389;179
2025-06-02;343;199
2025-06-03;242;169
2025-06-03;192;199
2025-06-03;583;1044.05
2025-06-04;202;79.2
2025-06-04;132;69
2025-06-04;584;84.5
2025-06-04;585;169
2025-06-04;537;199
2025-06-04;518;199
2025-06-04;586;169
2025-06-04;587;1099
2025-06-04;588;1099
2025-06-04;220;99
2025-06-04;345;199
2025-06-05;148;990
2025-06-05;474;199
2025-06-05;538;199
2025-06-05;7;75.65
2025-06-05;10;75.65
2025-06-05;11;75.65
2025-06-06;253;169
2025-06-06;539;159.2
2025-06-06;589;1099
2025-06-06;405;169
2025-06-06;17;75.65
2025-06-06;406;169
2025-06-06;256;169
2025-06-06;29;80.1
2025-06-06;475;199
2025-06-06;31;89
2025-06-06;251;199
2025-06-06;37;89
2025-06-06;32;169
2025-06-07;590;879.2
2025-06-07;140;396
2025-06-07;47;99
2025-06-07;591;1099
2025-06-07;437;199
2025-06-07;592;169
2025-06-07;259;169
2025-06-07;593;1099
2025-06-07;521;159.2
2025-06-07;262;169
2025-06-07;594;169
2025-06-07;440;159.2
2025-06-07;595;1099
2025-06-07;596;169
2025-06-07;597;169
2025-06-08;598;1099
2025-06-08;599;169
2025-06-08;600;1099
2025-06-08;267;135.2
2025-06-08;601;169
2025-06-08;268;169
2025-06-08;602;169
2025-06-08;603;1099
2025-06-08;604;1099
2025-06-08;523;159.2
2025-06-08;605;169
2025-06-08;606;1099
2025-06-08;607;1099
2025-06-08;272;169
2025-06-08;608;160.55
2025-06-08;609;169
2025-06-08;610;1099
2025-06-08;241;169
2025-06-08;611;1099
2025-06-08;328;199
2025-06-08;612;169
2025-06-08;502;1099
2025-06-08;613;169
2025-06-08;222;1099
2025-06-08;288;169
2025-06-08;291;169
2025-06-08;292;169
2025-06-08;293;169
2025-06-08;614;169
2025-06-08;297;169
2025-06-08;301;160.55
2025-06-09;615;199
2025-06-09;350;199
2025-06-09;616;199
2025-06-09;476;199
2025-06-10;312;199
2025-06-10;478;169
2025-06-10;525;199
2025-06-10;617;199
2025-06-11;618;199
2025-06-11;548;199
2025-06-11;479;169
2025-06-11;526;159.2
2025-06-11;200;169
2025-06-11;351;199
2025-06-11;549;159.2
2025-06-11;458;199
2025-06-11;527;199
2025-06-11;550;199
2025-06-11;401;199
2025-06-12;551;199
2025-06-12;162;159.2
2025-06-12;485;160.55
2025-06-13;488;135.2
2025-06-13;432;169
2025-06-13;435;169
2025-06-14;459;199
2025-06-14;221;990
2025-06-14;490;152.1
2025-06-15;553;199
2025-06-15;311;199
2025-06-15;554;199
2025-06-16;233;169
2025-06-16;619;199
2025-06-16;494;169
2025-06-16;313;199
2025-06-17;497;169
2025-06-17;620;199
2025-06-17;498;169
2025-06-18;503;169
2025-06-18;621;199
2025-06-18;56;159.2
2025-06-19;555;199
2025-06-20;461;199
2025-06-20;506;199
2025-06-20;224;1192
2025-06-20;622;199
2025-06-20;623;199
2025-06-21;624;199
2025-06-21;359;199
2025-06-21;625;199
2025-06-21;352;175.12
2025-06-22;561;199
2025-06-22;626;199
2025-06-22;562;199
2025-06-23;627;199
2025-06-23;628;199
2025-06-23;463;199
2025-06-23;629;199
2025-06-23;508;199
2025-06-24;336;199
2025-06-24;465;199
2025-06-24;630;199
2025-06-24;631;1490
2025-06-24;130;99
2025-06-24;178;88.11
2025-06-24;180;88.11
2025-06-24;181;88.11
2025-06-25;530;199
2025-06-25;62;55.2
2025-06-25;64;69
2025-06-26;632;199
2025-06-26;633;199
2025-06-26;566;169
2025-06-26;69;69
2025-06-27;118;79.2
2025-06-27;634;199
2025-06-27;511;199
2025-06-27;73;55.2
2025-06-27;531;199
2025-06-27;635;199
2025-06-27;636;199
2025-06-28;338;199
2025-06-28;60;69
2025-06-29;68;169
2025-06-29;320;199
2025-06-29;186;91.08
2025-06-29;568;169
2025-06-29;534;199
2025-06-30;39;79.2
2025-06-30;372;179
2025-06-30;189;99
2025-06-30;198;91.08
2025-06-30;199;99
2025-06-30;570;157.17
2025-06-30;202;79.2
2025-06-30;204;99
2025-06-30;637;199
2025-06-30;121;99
2025-06-30;572;157.17
2025-06-30;213;99
2025-06-30;196;99
2025-06-30;214;99
2025-07-01;217;99
2025-07-01;571;169
2025-07-01;638;199
2025-07-01;158;99
2025-07-01;230;169
2025-07-01;579;169
2025-07-01;580;169
2025-07-01;219;99
2025-07-02;535;199
2025-07-02;322;199
2025-07-02;582;169
2025-07-02;639;199
2025-07-02;389;179
2025-07-02;343;199
2025-07-03;640;199
2025-07-03;242;169
2025-07-03;641;199
2025-07-04;132;69
2025-07-04;585;169
2025-07-04;642;199
2025-07-04;537;199
2025-07-04;518;199
2025-07-04;586;169
2025-07-04;220;99
2025-07-04;345;199
2025-07-05;7;75.65
2025-07-05;10;75.65
2025-07-05;11;75.65
2025-07-06;253;169
2025-07-06;539;159.2
2025-07-06;405;169
2025-07-06;17;75.65
2025-07-06;406;169
2025-07-06;256;169
2025-07-06;29;80.1
2025-07-06;475;199
2025-07-06;31;89
2025-07-06;251;199
2025-07-06;37;89
2025-07-06;32;169
2025-07-07;643;199
2025-07-07;592;169
2025-07-07;521;159.2
2025-07-07;596;169
2025-07-08;597;169
2025-07-08;514;199
2025-07-08;267;135.2
2025-07-08;268;169
2025-07-08;602;169
2025-07-08;605;169
2025-07-08;272;169
2025-07-08;608;160.55
2025-07-08;601;169
2025-07-08;609;169
2025-07-08;241;169
2025-07-08;328;199
2025-07-08;288;169
2025-07-08;291;169
2025-07-08;293;169
2025-07-08;292;169
2025-07-08;297;169
2025-07-08;301;160.55
2025-07-08;614;169
2025-07-09;644;199
2025-07-09;350;199
2025-07-09;476;199
2025-07-10;193;990
2025-07-10;312;199
2025-07-10;478;169
2025-07-10;525;199
2025-07-10;617;199
2025-07-11;479;169
2025-07-11;618;199
2025-07-11;526;159.2
2025-07-11;200;169
2025-07-11;351;199
2025-07-11;549;159.2
2025-07-11;458;199
2025-07-11;527;199
2025-07-11;615;199
2025-07-11;550;199
2025-07-11;401;199
2025-07-12;551;199
2025-07-12;645;199
2025-07-12;162;159.2
2025-07-12;474;199
2025-07-12;485;160.55
2025-07-13;646;199
2025-07-13;432;169
2025-07-13;435;169
2025-07-14;459;199
2025-07-14;558;199
2025-07-14;490;152.1
2025-07-14;647;199
2025-07-14;648;199
2025-07-15;553;199
2025-07-15;554;199
2025-07-16;233;169
2025-07-16;494;169
2025-07-16;313;199
2025-07-17;497;169
2025-07-17;498;169
2025-07-17;620;199
2025-07-18;503;169
2025-07-18;311;199
2025-07-18;56;159.2
2025-07-18;359;199
2025-07-20;461;199
2025-07-20;506;199
2025-07-20;649;199
2025-07-21;650;199
2025-07-21;651;199
2025-07-21;624;199
2025-07-22;652;159.2
2025-07-22;626;199
2025-07-22;562;199
2025-07-23;653;1490
2025-07-23;654;199
2025-07-23;628;199
2025-07-23;655;1192
2025-07-23;463;199
2025-07-23;656;199
2025-07-23;508;199
2025-07-23;629;199
2025-07-24;657;1490
2025-07-24;336;199
2025-07-24;658;199
2025-07-24;465;199
2025-07-24;659;199
2025-07-24;130;99
2025-07-24;180;88.11
2025-07-24;181;88.11
2025-07-25;625;199
2025-07-25;660;199
2025-07-25;530;199
2025-07-25;62;55.2
2025-07-26;633;199
2025-07-26;661;199
2025-07-26;662;199
2025-07-26;69;69
2025-07-27;118;79.2
2025-07-27;511;199
2025-07-27;73;55.2
2025-07-27;531;199
2025-07-27;636;199
2025-07-28;338;199
2025-07-28;178;88.11
2025-07-28;60;69
2025-07-28;663;199
2025-07-28;664;1192
2025-07-28;665;199
2025-07-29;68;169
2025-07-29;320;199
2025-07-29;186;91.08
2025-07-29;666;1490
2025-07-29;667;199
2025-07-29;668;1490
2025-07-30;39;79.2
2025-07-30;189;99
2025-07-30;570;157.17
2025-07-30;635;199
2025-07-30;121;99
2025-07-30;669;1490
2025-07-30;571;169
2025-07-30;572;157.17
2025-07-30;196;99
2025-07-31;198;91.08
2025-07-31;199;99
2025-07-31;202;79.2
2025-07-31;204;99
2025-07-31;213;99
2025-07-31;214;99
2025-08-01;217;99
2025-08-01;638;199
2025-08-01;226;69
2025-08-01;158;99
2025-08-01;579;169
2025-08-01;580;169
2025-08-01;219;99
2025-08-02;535;199
2025-08-02;322;199
2025-08-02;582;169
2025-08-02;639;199
2025-08-02;343;199
2025-08-03;640;199
2025-08-03;242;169
2025-08-04;641;199
2025-08-04;132;69
2025-08-04;585;169
2025-08-04;670;199
2025-08-04;671;1490
2025-08-04;642;199
2025-08-04;672;199
2025-08-04;673;199
2025-08-04;586;169
2025-08-04;345;199
2025-08-05;7;75.65
2025-08-05;10;75.65
2025-08-05;11;75.65
2025-08-06;253;169
2025-08-06;539;159.2
2025-08-06;405;169
2025-08-06;17;75.65
2025-08-06;406;169
2025-08-06;256;169
2025-08-06;29;80.1
2025-08-06;31;89
2025-08-06;251;199
2025-08-06;37;89
2025-08-06;32;169
2025-08-07;592;169
2025-08-07;643;199
2025-08-07;521;159.2
2025-08-07;674;199
2025-08-08;514;199
2025-08-08;268;169
2025-08-08;601;169
2025-08-08;675;199
2025-08-08;605;169
2025-08-08;272;169
2025-08-08;608;160.55
2025-08-08;609;169
2025-08-08;241;169
2025-08-08;328;199
2025-08-08;288;169
2025-08-08;291;169
2025-08-08;292;169
2025-08-08;293;169
2025-08-08;297;169
2025-08-08;301;160.55
2025-08-08;614;169
2025-08-09;676;1490
2025-08-09;518;199
2025-08-09;396;199
2025-08-09;644;199
2025-08-10;312;199
2025-08-10;677;199
2025-08-10;389;179
2025-08-10;478;169
2025-08-10;617;199
2025-08-11;479;169
2025-08-11;618;199
2025-08-11;351;199
2025-08-11;549;159.2
2025-08-11;458;199
2025-08-11;527;199
2025-08-11;550;199
2025-08-11;615;199
2025-08-11;678;199
2025-08-11;679;199
2025-08-11;401;199
2025-08-12;551;199
2025-08-12;680;199
2025-08-12;681;199
2025-08-12;682;199
2025-08-12;683;159.2
2025-08-12;162;159.2
2025-08-12;684;199
2025-08-13;685;199
2025-08-13;475;199
2025-08-13;646;199
2025-08-13;432;169
2025-08-13;435;169
2025-08-14;490;152.1
2025-08-14;686;199
2025-08-14;647;199
2025-08-15;553;199
2025-08-15;554;199
2025-08-16;233;169
2025-08-16;687;199
2025-08-16;494;169
2025-08-16;313;199
2025-08-17;497;169
2025-08-17;648;199
2025-08-18;503;169
2025-08-18;688;199
2025-08-18;359;199
2025-08-19;689;199
2025-08-19;690;1490
2025-08-19;691;199
2025-08-20;461;199
2025-08-20;506;199
2025-08-20;649;199
2025-08-20;692;1490
2025-08-21;650;199
2025-08-21;624;199
2025-08-21;693;199
2025-08-22;626;199
2025-08-22;562;199
2025-08-23;654;1300
2025-08-23;628;199
2025-08-23;508;199
2025-08-24;465;199
2025-08-24;658;199
2025-08-24;659;199
2025-08-24;130;99
2025-08-24;180;88.11
2025-08-24;181;88.11
2025-08-25;530;199
2025-08-25;62;55.2
2025-08-26;633;199
2025-08-26;694;1490
2025-08-26;695;199
2025-08-26;696;199
2025-08-26;69;69
2025-08-27;118;79.2
2025-08-27;73;55.2
2025-08-27;531;199
2025-08-28;697;199
2025-08-28;338;199
2025-08-28;662;1490
2025-08-28;698;199
2025-08-28;60;69
2025-08-28;558;199
2025-08-28;663;199
2025-08-28;699;1341
2025-08-28;700;179.1
2025-08-29;320;199
2025-08-29;186;91.08
2025-08-29;701;179.1
2025-08-29;667;199
2025-08-30;39;79.2
2025-08-30;702;199
2025-08-30;703;199
2025-08-30;189;99
2025-08-30;570;157.17
2025-08-30;571;169
2025-08-30;572;157.17
2025-08-30;196;99
2025-08-31;704;199
2025-08-31;198;91.08
2025-08-31;199;99
2025-08-31;202;79.2
2025-08-31;204;99
2025-08-31;213;99
2025-08-31;214;99
2025-09-01;217;99
2025-09-01;705;1490
2025-09-01;638;199
2025-09-01;226;69
2025-09-01;158;99
2025-09-01;706;199
2025-09-01;580;169
2025-09-01;219;99
2025-09-01;707;1490
2025-09-02;708;1341
2025-09-02;709;1490
2025-09-02;710;199
2025-09-02;711;1490
2025-09-02;535;199
2025-09-02;712;199
2025-09-02;636;199
2025-09-02;582;169
2025-09-02;639;199
2025-09-02;343;199
2025-09-03;242;169
2025-09-03;713;1490
2025-09-03;714;1490
2025-09-03;715;199
2025-09-04;641;199
2025-09-04;132;69
2025-09-04;716;199
2025-09-04;585;169
2025-09-04;670;199
2025-09-04;717;1490
2025-09-04;672;199
2025-09-04;718;199
2025-09-04;586;169
2025-09-04;673;199
2025-09-04;345;199
2025-09-05;719;1490
2025-09-05;720;179.1
2025-09-05;721;199
2025-09-05;7;75.65
2025-09-05;722;1490
2025-09-05;10;75.65
2025-09-05;11;75.65
2025-09-06;253;169
2025-09-06;121;99
2025-09-06;539;159.2
2025-09-06;405;169
2025-09-06;723;1490
2025-09-06;17;75.65
2025-09-06;724;189.05
2025-09-06;725;1341
2025-09-06;406;169
2025-09-06;726;199
2025-09-06;256;169
2025-09-06;29;80.1
2025-09-06;475;199
2025-09-06;31;89
2025-09-06;727;199
2025-09-06;251;199
2025-09-06;37;89
2025-09-06;32;169
2025-09-07;728;199
2025-09-07;729;1490
2025-09-07;730;159.2
2025-09-07;597;199
2025-09-07;731;159.2
2025-09-07;732;199
2025-09-07;733;199
2025-09-07;734;199
2025-09-07;735;1490
2025-09-07;592;169
2025-09-07;736;1490
2025-09-07;737;1192
2025-09-07;643;199
2025-09-07;738;189.05
2025-09-07;261;1279.2
2025-09-07;266;179.1
2025-09-07;739;1490
2025-09-07;740;159.2
2025-09-07;741;199
2025-09-07;674;199
2025-09-07;322;199
2025-09-07;150;199
2025-09-07;742;199
2025-09-07;743;199
2025-09-07;744;199
2025-09-08;745;199
2025-09-08;514;199
2025-09-08;268;169
2025-09-08;746;199
2025-09-08;601;169
2025-09-08;747;1490
2025-09-08;511;199
2025-09-08;748;1490
2025-09-08;675;199
2025-09-08;605;169
2025-09-08;749;199
2025-09-08;272;169
2025-09-08;750;199
2025-09-08;751;1490
2025-09-08;275;159.2
2025-09-08;608;160.55
2025-09-08;752;159.2
2025-09-08;753;199
2025-09-08;609;169
2025-09-08;754;199
2025-09-08;755;199
2025-09-08;756;159.2
2025-09-08;757;199
2025-09-08;758;1490
2025-09-08;241;169
2025-09-08;759;1341
2025-09-08;760;199
2025-09-08;328;199
2025-09-08;761;1415.5
2025-09-08;762;1415.5
2025-09-08;270;199
2025-09-08;763;199
2025-09-08;764;199
2025-09-08;765;1490
2025-09-08;288;169
2025-09-08;291;169
2025-09-08;292;169
2025-09-08;293;169
2025-09-08;297;169
2025-09-08;301;160.55
2025-09-08;614;169
2025-09-09;644;199
2025-09-10;677;199
2025-09-10;478;169
2025-09-10;766;199
2025-09-11;479;169
2025-09-11;618;199
2025-09-11;351;199
2025-09-11;549;159.2
2025-09-11;458;199
2025-09-11;527;199
2025-09-11;550;199
2025-09-11;678;199
2025-09-11;401;199
2025-09-12;680;199
2025-09-12;681;199
2025-09-12;767;249
2025-09-12;683;159.2
2025-09-12;162;159.2
2025-09-12;684;199
2025-09-13;768;249
2025-09-13;685;199
2025-09-13;646;199
2025-09-13;432;169
2025-09-13;435;169
2025-09-14;686;199
2025-09-14;647;199
2025-09-15;553;199
2025-09-15;769;249
2025-09-15;554;199
2025-09-16;233;169
2025-09-16;770;249
2025-09-16;494;169
2025-09-16;635;249
2025-09-16;313;199
2025-09-17;771;249
2025-09-17;497;169
2025-09-18;503;169
2025-09-18;772;231.57
2025-09-18;359;199
2025-09-19;691;199
2025-09-20;461;199
2025-09-20;506;199
2025-09-20;773;249
2025-09-21;693;199
2025-09-21;774;249
2025-09-22;626;199
2025-09-22;562;199
2025-09-23;775;1490
2025-09-23;628;199
2025-09-23;776;249
2025-09-23;508;199
2025-09-24;658;199
2025-09-24;659;199
2025-09-24;777;249
2025-09-24;130;99
2025-09-24;180;88.11
2025-09-24;181;88.11
2025-09-25;530;199
2025-09-25;62;55.2
2025-09-26;633;199
2025-09-26;649;199
2025-09-26;778;1859.07
2025-09-26;695;199
2025-09-26;69;69
2025-09-27;118;79.2
2025-09-27;511;199
2025-09-27;779;249
2025-09-27;73;55.2
2025-09-27;531;199
2025-09-27;780;199.2
2025-09-28;338;199
2025-09-28;697;199
2025-09-28;60;69
2025-09-28;698;199
2025-09-28;781;224.1
2025-09-28;558;199
2025-09-28;663;199
2025-09-28;700;179.1
2025-09-29;320;199
2025-09-29;186;91.08
2025-09-29;701;179.1
2025-09-29;782;216.63
2025-09-29;783;1739.13
2025-09-30;39;79.2
2025-09-30;704;199
2025-09-30;665;216.63
2025-09-30;702;199
2025-09-30;189;99
2025-09-30;784;216.63
2025-09-30;703;199
2025-09-30;198;91.08
2025-09-30;199;99
2025-09-30;570;157.17
2025-09-30;202;79.2
2025-09-30;204;99
2025-09-30;121;99
2025-09-30;571;169
2025-09-30;572;157.17
2025-09-30;785;216.63
2025-09-30;213;99
2025-09-30;196;99
2025-09-30;372;216.63
2025-10-01;217;99
2025-10-01;337;249
2025-10-01;347;249
2025-10-01;638;199
2025-10-01;158;99
2025-10-01;580;169
2025-10-01;706;199
2025-10-01;219;99
2025-10-02;710;199
2025-10-02;535;199
2025-10-02;322;199
2025-10-02;786;249
2025-10-02;712;199
2025-10-02;639;199
2025-10-02;787;249
2025-10-02;343;199
2025-10-04;641;199
2025-10-04;132;69
2025-10-04;585;169
2025-10-04;716;199
2025-10-04;670;199
2025-10-04;788;249
2025-10-04;586;169
2025-10-04;718;199
2025-10-04;673;199
2025-10-05;720;179.1
2025-10-05;721;199
2025-10-05;7;75.65
2025-10-05;10;75.65
2025-10-05;11;75.65
2025-10-06;253;169
2025-10-06;789;199.2
2025-10-06;790;249
2025-10-06;539;159.2
2025-10-06;405;169
2025-10-06;17;75.65
2025-10-06;406;169
2025-10-06;256;169
2025-10-06;29;80.1
2025-10-06;31;89
2025-10-06;37;89
2025-10-06;727;199
2025-10-06;32;169
2025-10-07;730;159.2
2025-10-07;597;199
2025-10-07;731;159.2
2025-10-07;732;199
2025-10-07;733;199
2025-10-07;592;169
2025-10-07;643;199
2025-10-07;791;249
2025-10-07;674;199
2025-10-07;266;179.1
2025-10-07;792;249
2025-10-07;740;159.2
2025-10-07;741;199
2025-10-07;743;199
2025-10-08;745;199
2025-10-08;514;199
2025-10-08;268;169
2025-10-08;746;199
2025-10-08;675;199
2025-10-08;605;169
2025-10-08;272;169
2025-10-08;608;160.55
2025-10-08;750;199
2025-10-08;275;159.2
2025-10-08;609;169
2025-10-08;752;159.2
2025-10-08;753;199
2025-10-08;793;1999
2025-10-08;754;199
2025-10-08;755;199
2025-10-08;241;169
2025-10-08;756;159.2
2025-10-08;757;199
2025-10-08;328;199
2025-10-08;760;199
2025-10-08;270;199
2025-10-08;763;199
2025-10-08;764;199
2025-10-08;288;169
2025-10-08;291;169
2025-10-08;292;169
2025-10-08;293;169
2025-10-08;297;169
2025-10-08;301;160.55
2025-10-08;794;249
2025-10-08;614;169
2025-10-09;795;1999
2025-10-10;677;199
2025-10-10;478;169
2025-10-11;601;169
2025-10-11;796;231.57
2025-10-11;479;169
2025-10-11;797;249
2025-10-11;351;199
2025-10-11;549;159.2
2025-10-11;458;199
2025-10-11;527;199
2025-10-11;550;199
2025-10-11;678;199
2025-10-11;798;1999
2025-10-11;401;199
2025-10-12;475;199
2025-10-12;680;199
2025-10-12;681;199
2025-10-12;799;249
2025-10-12;683;159.2
2025-10-12;800;249
2025-10-12;162;159.2
2025-10-12;684;199
2025-10-13;768;249
2025-10-13;685;199
2025-10-13;646;199
2025-10-13;432;169
2025-10-13;435;169
2025-10-13;801;249
2025-10-14;802;211.65
2025-10-14;803;211.65
2025-10-14;242;169
2025-10-14;804;211.65
2025-10-14;686;199
2025-10-15;805;211.65
2025-10-15;553;199
2025-10-15;806;211.65
2025-10-15;769;249
2025-10-15;554;199
2025-10-16;233;169
2025-10-16;807;1699.15
2025-10-16;808;1699.15
2025-10-16;809;1699.15
2025-10-16;810;211.65
2025-10-16;494;169
2025-10-16;770;249
2025-10-16;811;211.65
2025-10-16;812;211.65
2025-10-16;635;249
2025-10-16;313;199
2025-10-17;771;249
2025-10-17;813;249
2025-10-17;497;169
2025-10-17;814;249
2025-10-18;503;169
2025-10-18;772;231.57
2025-10-18;359;199
2025-10-19;815;236.55
2025-10-19;816;249
2025-10-19;691;199
2025-10-20;461;199
2025-10-20;506;199
2025-10-20;817;249
2025-10-20;818;249
2025-10-20;773;249
2025-10-20;819;249
2025-10-21;693;199
2025-10-21;820;1999
2025-10-21;821;249
2025-10-22;626;199
2025-10-22;562;199
2025-10-23;628;199
2025-10-23;776;249
2025-10-23;508;199
2025-10-24;822;199.2
2025-10-24;823;1999
2025-10-24;824;249
2025-10-24;658;199
2025-10-24;659;199
2025-10-24;825;249
2025-10-24;130;99
2025-10-24;180;88.11
2025-10-24;181;88.11
2025-10-25;530;199
2025-10-25;62;55.2
2025-10-25;826;249
2025-10-25;64;69
2025-10-26;633;199
2025-10-26;827;249
2025-10-26;695;199
2025-10-26;69;69
2025-10-26;118;79.2
2025-10-27;511;199
2025-10-27;828;249
2025-10-27;779;249
2025-10-27;73;55.2
2025-10-27;531;199
2025-10-27;780;199.2
2025-10-28;338;199
2025-10-28;697;199
2025-10-28;60;69
2025-10-28;558;199
2025-10-28;340;1799
2025-10-28;700;179.1
2025-10-29;320;199
2025-10-29;186;91.08
2025-10-29;829;1899.05
2025-10-29;701;179.1
2025-10-29;774;249
2025-10-30;702;199
2025-10-30;189;99
2025-10-30;784;216.63
2025-10-30;570;157.17
2025-10-30;121;99
2025-10-30;571;169
2025-10-30;572;157.17
2025-10-30;196;99
2025-10-30;372;216.63
2025-10-31;704;199
2025-10-31;198;91.08
2025-10-31;199;99
2025-10-31;202;79.2
2025-10-31;204;99
2025-10-31;213;99
2025-10-31;217;99
2025-11-01;158;99
2025-11-01;580;169
2025-11-01;706;199
2025-11-01;219;99
2025-11-01;830;236.55
2025-11-02;710;199
2025-11-02;535;199
2025-11-02;712;199
2025-11-02;639;199
2025-11-02;343;199
2025-11-03;242;169
2025-11-03;831;249
2025-11-03;641;199
2025-11-04;132;69
2025-11-04;585;169
2025-11-04;832;249
2025-11-04;716;199
2025-11-04;670;199
2025-11-04;788;249
2025-11-04;718;199
2025-11-04;673;199
2025-11-04;220;99
2025-11-05;777;249
2025-11-05;3;378.25
2025-11-05;6;801
2025-11-05;721;199
2025-11-05;7;75.65
2025-11-05;11;75.65
2025-11-05;253;169
2025-11-06;789;199.2
2025-11-06;790;249
2025-11-06;539;159.2
2025-11-06;405;169
2025-11-06;17;75.65
2025-11-06;18;890
2025-11-06;833;249
2025-11-06;256;169
2025-11-06;834;1999
2025-11-06;29;80.1
2025-11-06;30;756.5
2025-11-06;31;89
2025-11-06;35;801
2025-11-06;37;89
2025-11-07;44;990
2025-11-07;730;159.2
2025-11-07;835;249
2025-11-07;733;199
2025-11-07;592;169
2025-11-07;643;199
2025-11-07;674;199
2025-11-07;791;249
2025-11-07;740;159.2
2025-11-07;741;199
2025-11-07;792;249
2025-11-07;743;199
2025-11-07;744;199
2025-11-08;836;249
2025-11-08;745;199
2025-11-08;514;199
2025-11-08;268;169
2025-11-08;746;199
2025-11-08;605;169
2025-11-08;272;169
2025-11-08;608;160.55
2025-11-08;750;199
2025-11-08;275;159.2
2025-11-08;609;169
2025-11-08;752;159.2
2025-11-08;753;199
2025-11-08;754;199
2025-11-08;755;199
2025-11-08;241;169
2025-11-08;756;159.2
2025-11-08;328;199
2025-11-08;757;199
2025-11-08;270;199
2025-11-08;763;199
2025-11-08;764;199
2025-11-08;288;169
2025-11-08;291;169
2025-11-08;292;169
2025-11-08;293;169
2025-11-08;144;495
2025-11-08;297;169
2025-11-08;301;160.55
2025-11-08;39;79.2
2025-11-08;614;169
2025-11-08;794;249
2025-11-09;837;249
2025-11-09;785;216.63
2025-11-10;838;249
2025-11-10;839;249
2025-11-10;840;249
2025-11-10;478;169
2025-11-10;337;249
2025-11-11;796;231.57
2025-11-11;351;199
2025-11-11;458;199
2025-11-11;527;199
2025-11-11;841;249
2025-11-11;550;199
2025-11-11;347;249
2025-11-11;797;249
2025-11-11;678;199
2025-11-11;842;249
2025-11-11;401;199
2025-11-12;680;199
2025-11-12;681;199
2025-11-12;843;236.55
2025-11-12;799;249
2025-11-12;844;249
2025-11-12;683;159.2
2025-11-12;365;999
2025-11-12;162;159.2
2025-11-12;684;199
2025-11-12;845;249
2025-11-13;768;249
2025-11-13;432;169
2025-11-13;435;169
2025-11-14;54;871.2
2025-11-14;601;169
2025-11-14;802;211.65
2025-11-14;804;211.65
2025-11-14;846;249
2025-11-15;805;211.65
2025-11-15;553;199
2025-11-15;806;211.65
2025-11-15;554;199
2025-11-16;233;169
2025-11-16;615;1999
2025-11-16;770;249
2025-11-16;494;169
2025-11-16;810;211.65
2025-11-16;811;211.65
2025-11-16;812;211.65
2025-11-16;313;199
2025-11-17;771;249
2025-11-17;813;249
2025-11-17;497;169
2025-11-17;847;249
2025-11-17;814;249
2025-11-18;503;169
2025-11-18;772;231.57
2025-11-18;848;249
2025-11-18;849;249
2025-11-18;359;199
2025-11-19;850;249
2025-11-19;461;199
2025-11-20;506;199
2025-11-20;851;199.2
2025-11-20;819;249
2025-11-21;693;199
2025-11-21;821;249
2025-11-21;852;199
2025-11-21;853;199
2025-11-22;703;199
2025-11-22;854;199
2025-11-22;855;179.1
2025-11-22;168;79.2
2025-11-22;856;199
2025-11-22;626;199
2025-11-22;857;1499
2025-11-22;562;199
2025-11-22;656;199
2025-11-23;858;199
2025-11-23;32;169
2025-11-23;508;199
2025-11-23;555;199
2025-11-24;859;199
2025-11-24;822;199.2
2025-11-24;658;199
2025-11-24;860;1499
2025-11-24;824;249
2025-11-24;659;199
2025-11-24;861;199
2025-11-24;180;88.11
2025-11-24;181;88.11
2025-11-24;862;1499
2025-11-25;530;199
2025-11-25;863;199
2025-11-25;864;199
2025-11-25;61;607.2
2025-11-25;62;55.2
2025-11-25;64;69
2025-11-26;633;199
2025-11-26;638;199
2025-11-26;65;690
2025-11-26;695;199
2025-11-26;69;69
2025-11-26;118;79.2
2025-11-27;511;199
2025-11-27;828;249
2025-11-27;865;1499
2025-11-27;866;199
2025-11-27;867;199
2025-11-27;73;55.2
2025-11-27;531;199
2025-11-27;75;345
2025-11-27;80;690
2025-11-28;338;199
2025-11-28;697;199
2025-11-28;60;69
2025-11-28;868;199
2025-11-28;371;999
2025-11-28;558;199
2025-11-28;700;179.1
2025-11-29;869;1274.15
2025-11-29;320;199
2025-11-29;186;91.08
2025-11-29;701;179.1
2025-11-29;870;199
2025-11-29;774;249
2025-11-30;871;199
2025-11-30;704;199
2025-11-30;702;199
2025-11-30;189;99
2025-11-30;198;91.08
2025-11-30;872;159.2
2025-11-30;199;99
2025-11-30;784;216.63
2025-11-30;873;1499
2025-11-30;570;157.17
2025-11-30;202;79.2
2025-11-30;874;1499
2025-11-30;875;185.07
2025-11-30;204;99
2025-11-30;876;1499
2025-11-30;121;99
2025-11-30;571;169
2025-11-30;208;495
2025-11-30;572;157.17
2025-11-30;877;1499
2025-11-30;380;999
2025-11-30;878;199
2025-11-30;879;189.05
2025-11-30;196;99
2025-11-30;880;199
2025-11-30;785;216.63
2025-11-30;217;99
2025-11-30;372;216.63
2025-12-01;881;199
2025-12-01;728;199
2025-12-01;882;1499
2025-12-01;883;199
2025-12-01;884;199
2025-12-01;885;199
2025-12-01;886;1499
2025-12-01;347;249
2025-12-01;158;99
2025-12-01;471;199
2025-12-01;887;199
2025-12-01;888;199
2025-12-01;889;199
2025-12-01;890;199
2025-12-01;891;179.1
2025-12-01;892;199
2025-12-01;893;179.1
2025-12-01;580;169
2025-12-01;894;199
2025-12-01;895;199
2025-12-01;706;199
2025-12-01;896;1499
2025-12-01;897;1499
2025-12-02;830;249
2025-12-02;535;199
2025-12-02;391;999
2025-12-02;712;199
2025-12-02;639;199
2025-12-02;343;199
2025-12-03;831;249
2025-12-03;827;249
2025-12-03;641;199
2025-12-04;132;69
2025-12-04;585;169
2025-12-04;670;199
2025-12-04;788;249
2025-12-04;718;199
2025-12-04;220;99
2025-12-05;898;249
2025-12-05;721;199
2025-12-05;7;75.65
2025-12-05;253;169
2025-12-06;790;249
2025-12-06;539;159.2
2025-12-06;17;75.65
2025-12-06;833;249
2025-12-06;256;169
2025-12-06;29;80.1
2025-12-06;31;89
2025-12-06;37;89
2025-12-06;32;169
2025-12-07;730;159.2
2025-12-07;835;249
2025-12-07;733;199
2025-12-07;592;169
2025-12-07;39;79.2
2025-12-07;740;159.2
2025-12-07;741;199
2025-12-07;792;249
2025-12-07;743;199
2025-12-07;744;199
2025-12-08;899;249
2025-12-08;745;199
2025-12-08;836;249
2025-12-08;268;169
2025-12-08;605;169
2025-12-08;272;169
2025-12-08;213;99
2025-12-08;608;160.55
2025-12-08;750;199
2025-12-08;275;159.2
2025-12-08;609;169
2025-12-08;752;159.2
2025-12-08;753;199
2025-12-08;754;199
2025-12-08;755;199
2025-12-08;241;169
2025-12-08;756;159.2
2025-12-08;757;199
2025-12-08;270;199
2025-12-08;764;199
2025-12-08;288;169
2025-12-08;291;169
2025-12-08;293;169
2025-12-08;297;169
2025-12-08;301;160.55
2025-12-08;614;169
2025-12-09;837;249
2025-12-10;140;396
2025-12-10;838;249
2025-12-10;900;249
2025-12-10;478;169
2025-12-11;601;169
2025-12-11;351;199
2025-12-11;527;199
2025-12-11;550;199
2025-12-11;826;249
2025-12-11;678;199
2025-12-11;842;249
2025-12-11;839;1499
2025-12-11;401;199
2025-12-12;681;199
2025-12-12;799;249
2025-12-12;844;249
2025-12-12;683;159.2
2025-12-12;162;159.2
2025-12-12;684;199
2025-12-12;845;249
2025-12-13;901;249
2025-12-13;432;169
2025-12-13;435;169
2025-12-14;802;211.65
2025-12-14;804;211.65
2025-12-14;902;249
2025-12-14;846;249
2025-12-14;903;249
2025-12-15;904;249
2025-12-15;805;211.65
2025-12-15;553;199
2025-12-15;806;211.65
2025-12-15;905;249
2025-12-15;554;199
2025-12-16;233;169
2025-12-16;219;99
2025-12-16;770;249
2025-12-16;810;211.65
2025-12-16;812;211.65
2025-12-16;811;211.65
2025-12-16;313;199
2025-12-17;771;249
2025-12-17;813;249
2025-12-17;497;169
2025-12-17;847;249
2025-12-17;814;249
2025-12-18;746;199
2025-12-18;503;169
2025-12-18;848;249
2025-12-18;359;199
2025-12-19;850;249
2025-12-19;461;199
2025-12-20;506;199
2025-12-21;906;249
2025-12-21;693;199
2025-12-21;852;199
2025-12-21;853;199
2025-12-22;703;199
2025-12-22;854;199
2025-12-22;855;179.1
2025-12-22;168;79.2
2025-12-22;626;199
2025-12-22;562;199
2025-12-22;656;199
2025-12-23;858;199
2025-12-23;555;199
2025-12-24;859;199
2025-12-24;822;199.2
2025-12-24;658;199
2025-12-24;824;249
2025-12-24;659;199
2025-12-24;907;199.2
2025-12-24;908;249
2025-12-24;909;249
2025-12-24;861;199
2025-12-24;180;88.11
2025-12-24;181;88.11
2025-12-25;530;199
2025-12-25;863;199
2025-12-25;849;249
2025-12-25;62;55.2
2025-12-25;864;199
2025-12-25;826;249
2025-12-26;633;199
2025-12-26;638;199
2025-12-26;695;199
2025-12-26;69;69
2025-12-26;118;79.2
2025-12-27;511;199
2025-12-27;828;249
2025-12-27;910;249
2025-12-27;866;199
2025-12-27;73;55.2
2025-12-27;867;199
2025-12-27;531;199
2025-12-28;338;199
2025-12-28;697;199
2025-12-28;60;69
2025-12-28;868;199
2025-12-28;700;179.1
2025-12-29;186;91.08
2025-12-29;701;179.1
2025-12-29;911;249
2025-12-29;870;199
2025-12-29;774;249
2025-12-30;871;199
2025-12-30;189;99
2025-12-30;784;216.63
2025-12-30;872;159.2
2025-12-30;912;249
2025-12-30;570;157.17
2025-12-30;913;236.55
2025-12-30;914;1599.2
2025-12-30;121;99
2025-12-30;875;185.07
2025-12-30;571;169
2025-12-30;572;157.17
2025-12-30;196;99
2025-12-30;878;199
2025-12-30;879;199
2025-12-30;372;216.63
2025-12-31;794;249
2025-12-31;704;199
2025-12-31;198;91.08
2025-12-31;199;99
2025-12-31;202;79.2
2025-12-31;204;99
2025-12-31;213;99
2025-12-31;217;99
2026-01-01;881;199
2026-01-01;883;199
2026-01-01;885;199
2026-01-01;347;249
2026-01-01;158;99
2026-01-01;471;199
2026-01-01;887;199
2026-01-01;888;199
2026-01-01;889;199
2026-01-01;580;169
2026-01-01;890;199
2026-01-01;891;179.1
2026-01-01;893;179.1
2026-01-01;706;199
2026-01-01;219;99
2026-01-01;894;199
2026-01-01;895;199
2026-01-02;830;249
2026-01-02;535;199
2026-01-02;712;199
2026-01-02;343;199
2026-01-03;831;249
2026-01-03;641;199
2026-01-04;132;69
2026-01-04;585;169
2026-01-04;670;199
2026-01-04;788;249
2026-01-04;718;199
2026-01-04;220;99
2026-01-05;898;249
2026-01-05;721;199
2026-01-05;7;75.65
2026-01-05;253;169
2026-01-06;790;249
2026-01-06;539;159.2
2026-01-06;17;75.65
2026-01-06;39;79.2
2026-01-06;256;169
2026-01-06;29;80.1
2026-01-06;31;89
2026-01-06;37;89
2026-01-07;821;249
2026-01-07;730;159.2
2026-01-07;835;249
2026-01-07;733;199
2026-01-07;592;169
2026-01-07;740;159.2
2026-01-07;741;199
2026-01-07;792;249
2026-01-07;558;199
2026-01-07;743;199
2026-01-07;744;199
2026-01-08;899;249
2026-01-08;745;199
2026-01-08;268;169
2026-01-08;272;169
2026-01-08;608;160.55
2026-01-08;750;199
2026-01-08;275;159.2
2026-01-08;752;159.2
2026-01-08;753;199
2026-01-08;754;199
2026-01-08;755;199
2026-01-08;756;159.2
2026-01-08;270;199
2026-01-08;764;199
2026-01-08;288;169
2026-01-08;293;169
2026-01-08;297;169
2026-01-08;301;160.55
2026-01-09;837;249
2026-01-09;424;999
2026-01-10;915;236.55
2026-01-10;838;249
2026-01-10;478;169
2026-01-10;900;249
2026-01-11;351;199
2026-01-11;527;199
2026-01-11;550;199
2026-01-11;916;249
2026-01-11;678;199
2026-01-11;842;249
2026-01-11;917;249
2026-01-11;401;199
2026-01-11;918;249
2026-01-12;681;199
2026-01-12;844;249
2026-01-12;683;159.2
2026-01-12;162;159.2
2026-01-12;919;249
2026-01-13;920;249
2026-01-13;921;199
2026-01-13;901;249
2026-01-13;922;199
2026-01-13;432;169
2026-01-13;435;169
2026-01-14;923;1299
2026-01-14;802;211.65
2026-01-14;924;1299
2026-01-14;804;211.65
2026-01-14;902;249
2026-01-14;925;199
2026-01-14;892;199
2026-01-14;903;249
2026-01-15;805;211.65
2026-01-15;806;211.65
2026-01-15;926;1299
2026-01-15;927;189.05
2026-01-15;614;169
2026-01-15;291;169
2026-01-15;905;249
2026-01-15;68;199
2026-01-15;928;199
2026-01-15;554;199
2026-01-16;601;169
2026-01-16;233;169
2026-01-16;929;1299
2026-01-16;930;199
2026-01-16;770;249
2026-01-16;810;211.65
2026-01-16;811;211.65
2026-01-17;771;249
2026-01-17;813;249
2026-01-17;497;169
2026-01-17;931;199
2026-01-17;932;179.1
2026-01-17;847;249
2026-01-18;503;169
2026-01-18;848;249
2026-01-18;933;199
2026-01-18;849;249
2026-01-18;934;199
2026-01-18;935;1299
2026-01-18;936;199
2026-01-18;359;199
2026-01-19;937;199
2026-01-19;938;199
2026-01-19;939;1234.05
2026-01-19;940;199
2026-01-19;941;159.2
2026-01-19;116;990
2026-01-19;942;1299
2026-01-19;943;1169.1
2026-01-19;850;249
2026-01-19;944;199
2026-01-19;945;1299
2026-01-19;946;199
2026-01-19;514;199
2026-01-19;947;199
2026-01-19;948;1299
2026-01-19;949;199
2026-01-19;950;1299
2026-01-19;951;159.2
2026-01-19;952;199
2026-01-19;953;1299
2026-01-19;954;1299
2026-01-19;955;199
2026-01-19;812;1299
2026-01-19;337;199
2026-01-19;956;1299
2026-01-19;461;199
2026-01-20;506;199
2026-01-21;906;249
2026-01-21;693;199
2026-01-21;852;199
2026-01-21;853;199
2026-01-22;168;79.2
2026-01-22;626;199
2026-01-22;562;199
2026-01-23;858;199
2026-01-23;555;199
2026-01-24;822;199.2
2026-01-24;658;199
2026-01-24;824;249
2026-01-24;659;199
2026-01-24;909;249
2026-01-24;861;199
2026-01-24;180;88.11
2026-01-24;181;88.11
2026-01-25;530;199
2026-01-25;957;249
2026-01-25;863;199
2026-01-25;62;55.2
2026-01-25;864;199
2026-01-25;826;249
2026-01-26;638;199
2026-01-26;958;249
2026-01-26;695;199
2026-01-26;69;69
2026-01-26;118;79.2
2026-01-27;828;249
2026-01-27;910;249
2026-01-27;866;199
2026-01-27;73;55.2
2026-01-27;867;199
2026-01-28;338;199
2026-01-28;959;199.2
2026-01-28;60;69
2026-01-28;868;199
2026-01-28;960;249
2026-01-28;558;199
2026-01-28;700;179.1
2026-01-29;186;91.08
2026-01-29;701;179.1
2026-01-29;961;1999
2026-01-29;911;249
2026-01-29;584;124.5
2026-01-30;871;199
2026-01-30;189;99
2026-01-30;784;216.63
2026-01-30;872;159.2
2026-01-30;912;249
2026-01-30;570;157.17
2026-01-30;913;249
2026-01-30;121;99
2026-01-30;875;185.07
2026-01-30;571;169
2026-01-30;572;157.17
2026-01-30;196;99
2026-01-30;879;199
2026-01-30;372;216.63
2026-01-31;704;199
2026-01-31;794;249
2026-01-31;962;249
2026-01-31;198;91.08
2026-01-31;199;99
2026-01-31;963;249
2026-01-31;202;79.2
2026-01-31;204;99
2026-01-31;213;99
2026-01-31;217;99
2026-02-01;881;199
2026-02-01;883;199
2026-02-01;885;199
2026-02-01;347;249
2026-02-01;964;249
2026-02-01;471;199
2026-02-01;888;199
2026-02-01;889;199
2026-02-01;890;199
2026-02-01;893;179.1
2026-02-01;894;199
2026-02-01;895;199
2026-02-02;830;249
2026-02-02;965;249
2026-02-02;535;199
2026-02-02;712;199
2026-02-02;966;249
2026-02-02;343;199
2026-02-03;831;249
2026-02-03;641;199
2026-02-04;132;69
2026-02-04;585;169
2026-02-04;670;199
2026-02-04;967;1999
2026-02-04;220;99
2026-02-05;898;249
2026-02-05;721;199
2026-02-05;7;75.65
2026-02-06;790;249
2026-02-06;968;249
2026-02-06;539;159.2
2026-02-06;17;75.65
2026-02-06;39;79.2
2026-02-06;256;169
2026-02-06;703;199
2026-02-06;29;80.1
2026-02-06;31;89
2026-02-06;37;89
2026-02-06;969;249
2026-02-07;821;249
2026-02-07;730;159.2
2026-02-07;835;249
2026-02-07;733;199
2026-02-07;740;159.2
2026-02-07;741;199
2026-02-07;792;249
2026-02-07;970;224.1
2026-02-07;743;199
2026-02-07;744;199
2026-02-08;899;249
2026-02-08;268;169
2026-02-08;272;169
2026-02-08;608;160.55
2026-02-08;752;159.2
2026-02-08;753;199
2026-02-08;754;199
2026-02-08;755;199
2026-02-08;971;1799.1
2026-02-08;756;159.2
2026-02-08;270;199
2026-02-08;288;169
2026-02-08;291;169
2026-02-08;293;169
2026-02-08;297;169
2026-02-08;301;160.55
2026-02-08;614;169
2026-02-09;837;249
2026-02-09;972;249
2026-02-10;915;249
2026-02-10;973;249
2026-02-10;838;249
2026-02-10;974;249
2026-02-10;900;249
2026-02-11;351;199
2026-02-11;527;199
2026-02-11;550;199
2026-02-11;916;249
2026-02-11;678;199
2026-02-11;842;249
2026-02-11;401;199
2026-02-12;681;199
2026-02-12;844;249
2026-02-12;683;159.2
2026-02-12;162;159.2
2026-02-12;919;249
2026-02-13;975;249
2026-02-13;976;1899.05
2026-02-13;901;249
2026-02-13;977;249
2026-02-13;432;169
2026-02-13;922;199
2026-02-13;435;169
2026-02-14;802;211.65
2026-02-14;804;211.65
2026-02-14;902;249
2026-02-14;892;199
2026-02-14;925;199
2026-02-14;443;1279.2
2026-02-15;805;211.65
2026-02-15;905;249
2026-02-15;68;199
2026-02-15;554;199
2026-02-16;978;249
2026-02-16;233;169
2026-02-16;930;199
2026-02-16;770;249
2026-02-16;810;211.65
2026-02-16;811;211.65
2026-02-17;771;249
2026-02-17;813;249
2026-02-17;497;169
2026-02-17;979;1899.05
2026-02-17;980;249
2026-02-17;981;1899.05
2026-02-17;931;199
2026-02-17;932;179.1
2026-02-17;847;249
2026-02-18;503;169
2026-02-18;848;249
2026-02-18;933;199
2026-02-18;849;249
2026-02-18;982;249
2026-02-18;936;199
2026-02-18;359;199
2026-02-19;937;199
2026-02-19;983;249
2026-02-19;938;199
2026-02-19;984;249
2026-02-19;940;199
2026-02-19;941;159.2
2026-02-19;985;249
2026-02-19;850;249
2026-02-19;946;199
2026-02-19;514;199
2026-02-19;947;199
2026-02-19;951;159.2
2026-02-19;952;199
2026-02-19;955;199
2026-02-19;337;199
2026-02-19;461;199
2026-02-20;506;199
2026-02-21;906;249
2026-02-21;693;199
2026-02-21;852;199
2026-02-22;986;249
2026-02-22;168;79.2
2026-02-22;987;249
2026-02-22;562;199
2026-02-23;858;199
2026-02-23;928;199
2026-02-23;988;249
2026-02-24;822;199.2
2026-02-24;824;249
2026-02-24;659;199
2026-02-24;944;249
2026-02-24;861;199
2026-02-24;180;88.11
2026-02-24;181;88.11
2026-02-25;530;199
2026-02-25;863;199
2026-02-25;957;249
2026-02-25;62;55.2
2026-02-25;864;199
2026-02-25;826;249
2026-02-26;638;199
2026-02-26;989;249
2026-02-26;990;249
2026-02-26;991;249
2026-02-26;958;249
2026-02-26;695;199
2026-02-26;69;69
2026-02-26;118;79.2
2026-02-27;828;249
2026-02-27;992;1799
2026-02-27;993;249
2026-02-27;73;55.2
2026-02-27;867;199
2026-02-27;994;1999
2026-02-27;995;199.2
2026-02-28;338;199
2026-02-28;704;199
2026-02-28;186;91.08
2026-02-28;189;99
2026-02-28;198;91.08
2026-02-28;962;249
2026-02-28;199;99
2026-02-28;784;216.63
2026-02-28;872;159.2
2026-02-28;701;179.1
2026-02-28;959;199.2
2026-02-28;912;249
2026-02-28;911;249
2026-02-28;996;249
2026-02-28;570;157.17
2026-02-28;202;79.2
2026-02-28;558;199
2026-02-28;204;99
2026-02-28;121;99
2026-02-28;875;185.07
2026-02-28;571;169
2026-02-28;572;157.17
2026-02-28;196;99
2026-02-28;700;179.1
2026-02-28;217;99
2026-02-28;372;216.63
2026-03-01;871;199
2026-03-01;881;199
2026-03-01;997;224.1
2026-03-01;883;199
2026-03-01;347;249
2026-03-01;471;199
2026-03-01;888;199
2026-03-01;889;199
2026-03-01;890;199
2026-03-01;892;199
2026-03-01;893;179.1
2026-03-01;894;199
2026-03-01;895;199
2026-03-02;830;249
2026-03-02;965;249
2026-03-02;998;249
2026-03-02;999;249
2026-03-02;712;199
2026-03-02;343;199
2026-03-03;1000;249
2026-03-03;1001;249
2026-03-03;831;249
2026-03-03;534;249
2026-03-03;1002;249
2026-03-03;1003;249
2026-03-03;641;199
2026-03-04;132;69
2026-03-04;585;169
2026-03-04;220;99
2026-03-05;721;199
2026-03-05;7;75.65
2026-03-06;539;159.2
2026-03-06;968;249
2026-03-06;17;75.65
2026-03-06;256;169
2026-03-06;29;80.1
2026-03-06;31;89
2026-03-06;37;89
2026-03-06;969;249
2026-03-07;821;249
2026-03-07;730;159.2
2026-03-07;835;249
2026-03-07;733;199
2026-03-07;60;69
2026-03-07;1004;249
2026-03-07;740;159.2
2026-03-07;741;199
2026-03-07;743;199
2026-03-07;1005;249
2026-03-07;970;224.1
2026-03-08;899;249
2026-03-08;268;169
2026-03-08;272;169
2026-03-08;39;79.2
2026-03-08;608;160.55
2026-03-08;752;159.2
2026-03-08;753;199
2026-03-08;754;199
2026-03-08;1006;249
2026-03-08;755;199
2026-03-08;756;159.2
2026-03-08;270;199
2026-03-08;288;169
2026-03-08;291;169
2026-03-08;293;169
2026-03-08;297;169
2026-03-08;301;160.55
2026-03-08;614;169
2026-03-09;837;249
2026-03-09;483;1199
2026-03-09;1007;249
2026-03-10;915;249
2026-03-10;973;249
2026-03-10;838;249
2026-03-10;900;249
2026-03-10;1008;199.2
2026-03-11;1009;249
2026-03-11;351;199
2026-03-11;1010;249
2026-03-11;1011;249
2026-03-11;527;199
2026-03-11;550;199
2026-03-11;916;249
2026-03-11;678;199
2026-03-11;1012;249
2026-03-11;1013;236.55
2026-03-11;842;249
2026-03-11;401;199
2026-03-11;1014;249
2026-03-12;1015;249
2026-03-12;683;159.2
2026-03-12;162;159.2
2026-03-12;919;249
2026-03-13;975;249
2026-03-13;1016;249
2026-03-13;432;169
2026-03-13;922;199
2026-03-13;435;169
2026-03-14;804;211.65
2026-03-14;902;249
2026-03-14;925;199
2026-03-15;963;249
2026-03-15;805;211.65
2026-03-15;977;1799
2026-03-15;68;199
2026-03-15;554;199
2026-03-16;978;249
2026-03-16;233;169
2026-03-16;770;249
2026-03-16;810;211.65
2026-03-17;771;249
2026-03-17;813;249
2026-03-17;497;169
2026-03-17;980;249
2026-03-17;931;199
2026-03-17;932;179.1
2026-03-17;847;249
2026-03-18;1017;249
2026-03-18;503;169
2026-03-18;1018;249
2026-03-18;1019;249
2026-03-18;848;249
2026-03-18;933;199
2026-03-18;982;249
2026-03-18;936;199
2026-03-18;359;199
2026-03-19;937;199
2026-03-19;983;249
2026-03-19;1020;1329.05
2026-03-19;938;199
2026-03-19;940;199
2026-03-19;1021;219
2026-03-19;984;249
2026-03-19;941;159.2
2026-03-19;985;249
2026-03-19;946;199
2026-03-19;514;199
2026-03-19;947;199
2026-03-19;951;159.2
2026-03-19;955;199
2026-03-19;337;199
2026-03-19;461;199
2026-03-20;506;199
2026-03-20;1022;219
2026-03-20;1023;208.05
2026-03-20;1024;1329.05
2026-03-20;966;249
2026-03-20;1025;1399
2026-03-20;952;199
2026-03-20;1026;208.05
2026-03-20;1027;2089.05
2026-03-20;1028;1329.05
2026-03-20;1029;2089.05
2026-03-20;1030;208.05
2026-03-21;1031;219
2026-03-21;1032;219
2026-03-21;906;249
2026-03-21;693;199
2026-03-22;168;79.2
2026-03-22;987;249
2026-03-22;562;199
2026-03-22;1033;219
2026-03-23;858;199
2026-03-23;1034;219
2026-03-23;1035;219
2026-03-23;745;1399
2026-03-23;1036;219
2026-03-23;988;249
2026-03-23;1037;208.05
2026-03-24;1038;1399
2026-03-24;1039;1399
2026-03-24;1040;219
2026-03-24;822;199.2
2026-03-24;1001;1317.83
2026-03-24;957;1389.07
2026-03-24;824;249
2026-03-24;1041;219
2026-03-24;1004;1399
2026-03-24;1035;1187.13
2026-03-24;984;1189.74
2026-03-24;861;199
2026-03-24;1042;1399
2026-03-24;1043;219
2026-03-24;1044;219
2026-03-24;180;88.11
2026-03-24;181;88.11
2026-03-24;1045;219
2026-03-24;1046;1399
2026-03-24;1047;1399
2026-03-24;1048;1399
2026-03-24;1049;219
2026-03-24;1050;219
2026-03-24;1051;1399
2026-03-25;530;199
2026-03-25;863;199
2026-03-25;1052;219
2026-03-25;62;55.2
2026-03-25;864;199
2026-03-25;826;249
2026-03-26;1053;249
2026-03-26;638;199
2026-03-26;989;249
2026-03-26;991;249
2026-03-26;695;199
2026-03-26;69;69
2026-03-26;118;79.2
2026-03-27;828;249
2026-03-27;993;249
2026-03-27;73;55.2
2026-03-27;867;199
2026-03-27;995;199.2
2026-03-28;1054;249
2026-03-28;338;199
2026-03-28;959;199.2
2026-03-28;996;249
2026-03-28;558;199
2026-03-29;1055;1799
2026-03-29;701;179.1
2026-03-29;1056;236.55
2026-03-30;871;199
2026-03-30;189;99
2026-03-30;1057;249
2026-03-30;570;157.17
2026-03-30;121;99
2026-03-30;875;185.07
2026-03-30;571;169
2026-03-30;572;157.17
2026-03-30;196;99
2026-03-31;198;91.08
2026-03-31;199;99
2026-03-31;202;79.2
2026-03-31;204;99
2026-03-31;912;1349.72
